Date,Bazi,Result_String,Patti,Single
08/06/2024,1,3452,345.0,2.0
19/07/2024,1,1203,120.0,3.0
19/07/2024,2,4802,480.0,2.0
19/07/2024,3,2990,299.0,0.0
19/07/2024,4,7906,790.0,6.0
19/07/2024,5,5689,568.0,9.0
19/07/2024,6,7782,778.0,2.0
19/07/2024,7,1304,130.0,4.0
19/07/2024,8,2473,247.0,3.0
20/07/2024,1,2608,260.0,8.0
20/07/2024,2,1450,145.0,0.0
20/07/2024,3,3496,349.0,6.0
20/07/2024,4,3485,348.0,5.0
20/07/2024,5,4903,490.0,3.0
20/07/2024,6,5689,568.0,9.0
20/07/2024,7,6994,699.0,4.0
20/07/2024,8,1292,129.0,2.0
21/07/2024,1,7805,780.0,5.0
21/07/2024,2,2709,270.0,9.0
21/07/2024,3,4789,478.0,9.0
21/07/2024,4,5577,557.0,7.0
30/08/2024,1,3494,349.0,4.0
30/08/2024,2,2473,247.0,3.0
30/08/2024,3,2901,290.0,1.0
30/08/2024,4,1708,170.0,8.0
30/08/2024,5,1461,146.0,1.0
30/08/2024,6,5678,567.0,8.0
30/08/2024,7,3668,366.0,8.0
30/08/2024,8,3676,367.0,6.0
31/08/2024,1,1348,134.0,8.0
31/08/2024,2,7906,790.0,6.0
31/08/2024,3,2990,299.0,0.0
31/08/2024,4,3799,379.0,9.0
31/08/2024,5,1708,170.0,8.0
31/08/2024,6,3700,370.0,0.0
31/08/2024,7,1405,140.0,5.0
31/08/2024,8,3698,369.0,8.0
01/09/2024,1,2686,268.0,6.0
01/09/2024,2,1494,149.0,4.0
01/09/2024,3,6703,670.0,3.0
01/09/2024,4,1371,137.0,1.0
02/09/2024,1,1258,125.0,8.0
02/09/2024,2,3799,379.0,9.0
02/09/2024,3,2686,268.0,6.0
02/09/2024,4,7995,799.0,5.0
02/09/2024,5,5892,589.0,2.0
02/09/2024,6,2350,235.0,0.0
02/09/2024,7,3452,345.0,2.0
02/09/2024,8,4408,440.0,8.0
03/09/2024,1,3463,346.0,3.0
03/09/2024,2,1359,135.0,9.0
03/09/2024,3,3474,347.0,4.0
03/09/2024,4,2787,278.0,7.0
03/09/2024,5,1809,180.0,9.0
03/09/2024,6,6804,680.0,4.0
03/09/2024,7,2338,233.0,8.0
03/09/2024,8,4554,455.0,4.0
04/09/2024,1,2462,246.0,2.0
04/09/2024,2,1292,129.0,2.0
04/09/2024,3,6781,678.0,1.0
04/09/2024,4,5575,557.0,5.0
04/09/2024,5,2350,235.0,0.0
04/09/2024,6,1236,123.0,6.0
04/09/2024,7,9908,990.0,8.0
04/09/2024,8,1450,145.0,0.0
05/09/2024,1,5892,589.0,2.0
05/09/2024,2,4789,478.0,9.0
05/09/2024,3,1708,170.0,8.0
05/09/2024,4,7793,779.0,3.0
05/09/2024,5,7906,790.0,6.0
05/09/2024,6,3575,357.0,5.0
05/09/2024,7,4891,489.0,1.0
05/09/2024,8,1696,169.0,6.0
06/09/2024,1,2675,267.0,5.0
06/09/2024,2,4600,460.0,0.0
06/09/2024,3,1348,134.0,8.0
06/09/2024,4,3700,370.0,0.0
06/09/2024,5,6882,688.0,2.0
06/09/2024,6,2462,246.0,2.0
06/09/2024,7,1900,190.0,0.0
06/09/2024,8,1563,156.0,3.0
07/09/2024,1,1472,147.0,2.0
07/09/2024,2,3485,348.0,5.0
07/09/2024,3,1270,127.0,0.0
07/09/2024,4,5993,599.0,3.0
07/09/2024,5,2394,239.0,4.0
07/09/2024,6,2462,246.0,2.0
07/09/2024,7,9009,900.0,9.0
07/09/2024,8,1607,160.0,7.0
08/09/2024,1,2787,278.0,7.0
08/09/2024,2,3700,370.0,0.0
08/09/2024,3,1506,150.0,6.0
08/09/2024,4,7883,788.0,3.0
09/09/2024,1,3485,348.0,5.0
09/09/2024,2,2394,239.0,4.0
09/09/2024,3,1360,136.0,0.0
09/09/2024,4,5588,558.0,8.0
09/09/2024,5,2798,279.0,8.0
09/09/2024,6,1595,159.0,5.0
09/09/2024,7,4688,468.0,8.0
09/09/2024,8,1292,129.0,2.0
10/09/2024,1,6804,680.0,4.0
10/09/2024,2,3496,349.0,6.0
10/09/2024,3,6691,669.0,1.0
10/09/2024,4,1562,156.0,2.0
10/09/2024,5,1595,159.0,5.0
10/09/2024,6,4701,470.0,1.0
10/09/2024,7,1304,130.0,4.0
10/09/2024,8,2282,228.0,2.0
11/09/2024,1,4598,459.0,8.0
11/09/2024,2,1292,129.0,2.0
11/09/2024,3,2305,230.0,5.0
11/09/2024,4,3508,350.0,8.0
11/09/2024,5,1359,135.0,9.0
11/09/2024,6,3698,369.0,8.0
11/09/2024,7,5577,557.0,7.0
11/09/2024,8,2686,268.0,6.0
12/09/2024,1,1304,130.0,4.0
12/09/2024,2,4880,488.0,0.0
12/09/2024,3,4701,470.0,1.0
12/09/2024,4,3609,360.0,9.0
12/09/2024,5,1786,178.0,6.0
12/09/2024,6,1348,134.0,8.0
12/09/2024,7,3698,369.0,8.0
12/09/2024,8,7995,799.0,5.0
13/09/2024,1,2350,235.0,0.0
13/09/2024,2,5791,579.0,1.0
13/09/2024,3,2608,260.0,8.0
13/09/2024,4,1292,129.0,2.0
13/09/2024,5,3452,345.0,2.0
13/09/2024,6,8895,889.0,5.0
13/09/2024,7,7894,789.0,4.0
13/09/2024,8,1584,158.0,4.0
14/09/2024,1,7805,780.0,5.0
14/09/2024,2,1674,167.0,4.0
14/09/2024,3,2776,277.0,6.0
14/09/2024,4,5791,579.0,1.0
14/09/2024,5,3575,357.0,5.0
14/09/2024,6,2495,249.0,5.0
14/09/2024,7,5601,560.0,1.0
14/09/2024,8,3902,390.0,2.0
15/09/2024,1,2484,248.0,4.0
15/09/2024,2,3373,337.0,3.0
15/09/2024,3,1225,122.0,5.0
15/09/2024,4,3700,370.0,0.0
16/09/2024,1,5689,568.0,9.0
16/09/2024,2,1674,167.0,4.0
16/09/2024,3,2596,259.0,6.0
16/09/2024,4,3496,349.0,6.0
16/09/2024,5,1584,158.0,4.0
16/09/2024,6,7883,788.0,3.0
16/09/2024,7,4790,479.0,0.0
16/09/2024,8,4798,479.0,8.0
17/09/2024,1,6792,679.0,2.0
17/09/2024,2,2349,234.0,9.0
17/09/2024,3,3801,380.0,1.0
17/09/2024,4,1399,139.0,9.0
17/09/2024,5,4475,447.0,5.0
17/09/2024,6,3597,359.0,7.0
17/09/2024,7,5005,500.0,5.0
17/09/2024,8,1405,140.0,5.0
18/09/2024,1,1685,168.0,5.0
18/09/2024,2,3441,344.0,1.0
11/11/2024,1,6804,680.0,4.0
11/11/2024,2,3575,357.0,5.0
11/11/2024,3,1809,180.0,9.0
11/11/2024,4,4789,478.0,9.0
11/11/2024,5,6680,668.0,0.0
11/11/2024,6,1483,148.0,3.0
11/11/2024,7,4509,450.0,9.0
11/11/2024,8,7793,779.0,3.0
12/11/2024,1,2585,258.0,5.0
12/11/2024,2,4576,457.0,6.0
12/11/2024,3,1584,158.0,4.0
12/11/2024,4,1461,146.0,1.0
12/11/2024,5,3485,348.0,5.0
12/11/2024,6,7906,790.0,6.0
12/11/2024,7,7805,780.0,5.0
12/11/2024,8,2282,228.0,2.0
13/11/2024,1,5803,580.0,3.0
13/11/2024,2,3788,378.0,8.0
13/11/2024,3,6679,667.0,9.0
13/11/2024,4,3575,357.0,5.0
13/11/2024,5,6781,678.0,1.0
13/11/2024,6,1382,138.0,2.0
13/11/2024,7,2361,236.0,1.0
13/11/2024,8,4587,458.0,7.0
14/11/2024,1,3902,390.0,2.0
14/11/2024,2,2563,256.0,3.0
14/11/2024,3,8008,800.0,8.0
14/11/2024,4,3407,340.0,7.0
14/11/2024,5,1269,126.0,9.0
14/11/2024,6,2798,279.0,8.0
14/11/2024,7,2574,257.0,4.0
14/11/2024,8,6006,600.0,6.0
15/11/2024,1,2709,270.0,9.0
15/11/2024,2,2361,236.0,1.0
15/11/2024,3,8895,889.0,5.0
15/11/2024,4,3801,380.0,1.0
15/11/2024,5,8907,890.0,7.0
15/11/2024,6,3687,368.0,7.0
15/11/2024,7,1203,120.0,3.0
15/11/2024,8,7793,779.0,3.0
16/11/2024,1,5892,589.0,2.0
16/11/2024,2,3700,370.0,0.0
16/11/2024,3,4554,455.0,4.0
16/11/2024,4,2901,290.0,1.0
16/11/2024,5,2675,267.0,5.0
16/11/2024,6,3586,358.0,6.0
16/11/2024,7,1663,166.0,3.0
16/11/2024,8,2563,256.0,3.0
17/11/2024,1,1584,158.0,4.0
17/11/2024,2,1472,147.0,2.0
17/11/2024,3,5892,589.0,2.0
17/11/2024,4,3575,357.0,5.0
18/11/2024,1,1405,140.0,5.0
18/11/2024,2,2372,237.0,2.0
18/11/2024,3,2484,248.0,4.0
18/11/2024,4,4600,460.0,0.0
18/11/2024,5,5588,558.0,8.0
18/11/2024,6,3407,340.0,7.0
18/11/2024,7,1281,128.0,1.0
18/11/2024,8,2686,268.0,6.0
19/11/2024,1,1573,157.0,3.0
19/11/2024,2,3463,346.0,3.0
19/11/2024,3,4600,460.0,0.0
19/11/2024,4,5702,570.0,2.0
19/11/2024,5,6679,667.0,9.0
19/11/2024,6,3902,390.0,2.0
19/11/2024,7,1887,188.0,7.0
19/11/2024,8,4509,450.0,9.0
20/11/2024,1,4790,479.0,0.0
20/11/2024,2,2361,236.0,1.0
20/11/2024,3,4903,490.0,3.0
20/11/2024,4,1786,178.0,6.0
20/11/2024,5,3889,388.0,9.0
20/11/2024,6,1348,134.0,8.0
20/11/2024,7,8907,890.0,7.0
20/11/2024,8,6882,688.0,2.0
21/11/2024,1,6792,679.0,2.0
21/11/2024,2,7906,790.0,6.0
21/11/2024,3,2372,237.0,2.0
21/11/2024,4,4677,467.0,7.0
21/11/2024,5,1999,199.0,9.0
21/11/2024,6,1472,147.0,2.0
21/11/2024,7,5904,590.0,4.0
21/11/2024,8,2260,226.0,0.0
22/11/2024,1,4600,460.0,0.0
22/11/2024,2,3586,358.0,6.0
22/11/2024,3,4565,456.0,5.0
22/11/2024,4,5678,567.0,8.0
22/11/2024,5,2383,238.0,3.0
22/11/2024,6,3597,359.0,7.0
22/11/2024,7,2787,278.0,7.0
22/11/2024,8,2709,270.0,9.0
23/11/2024,1,1663,166.0,3.0
23/11/2024,2,4509,450.0,9.0
23/11/2024,3,6804,680.0,4.0
23/11/2024,4,5690,569.0,0.0
23/11/2024,5,2608,260.0,8.0
23/11/2024,6,3890,389.0,0.0
23/11/2024,7,2383,238.0,3.0
23/11/2024,8,4688,468.0,8.0
24/11/2024,1,4992,499.0,2.0
24/11/2024,2,1797,179.0,7.0
24/11/2024,3,3597,359.0,7.0
24/11/2024,4,3609,360.0,9.0
25/11/2024,1,1124,112.0,4.0
25/11/2024,2,2495,249.0,5.0
25/11/2024,3,1292,129.0,2.0
25/11/2024,4,1786,178.0,6.0
25/11/2024,5,3586,358.0,6.0
25/11/2024,6,6905,690.0,5.0
25/11/2024,7,2585,258.0,5.0
25/11/2024,8,3890,389.0,0.0
26/11/2024,1,1450,145.0,0.0
26/11/2024,2,1405,140.0,5.0
26/11/2024,3,4802,480.0,2.0
26/11/2024,4,3676,367.0,6.0
26/11/2024,5,2495,249.0,5.0
26/11/2024,6,7883,788.0,3.0
26/11/2024,7,2462,246.0,2.0
26/11/2024,8,5555,555.0,5.0
27/11/2024,1,2585,258.0,5.0
27/11/2024,2,1203,120.0,3.0
27/11/2024,3,4486,448.0,6.0
27/11/2024,4,1281,128.0,1.0
27/11/2024,5,3485,348.0,5.0
27/11/2024,6,2305,230.0,5.0
27/11/2024,7,3676,367.0,6.0
27/11/2024,8,6893,689.0,3.0
28/11/2024,1,1461,146.0,1.0
28/11/2024,2,4778,477.0,8.0
28/11/2024,3,1900,190.0,0.0
28/11/2024,4,1450,145.0,0.0
28/11/2024,5,6882,688.0,2.0
28/11/2024,6,1685,168.0,5.0
28/11/2024,7,3452,345.0,2.0
28/11/2024,8,4677,467.0,7.0
29/11/2024,1,2664,266.0,4.0
29/11/2024,2,1506,150.0,6.0
29/11/2024,3,3902,390.0,2.0
29/11/2024,4,1584,158.0,4.0
29/11/2024,5,6905,690.0,5.0
29/11/2024,6,6804,680.0,4.0
29/11/2024,7,3485,348.0,5.0
29/11/2024,8,4453,445.0,3.0
30/11/2024,1,2798,279.0,8.0
30/11/2024,2,5601,560.0,1.0
30/11/2024,3,4880,488.0,0.0
30/11/2024,4,4677,467.0,7.0
30/11/2024,5,1461,146.0,1.0
30/11/2024,6,1483,148.0,3.0
30/11/2024,7,3777,377.0,7.0
30/11/2024,8,4868,486.0,8.0
01/12/2024,1,4790,479.0,0.0
01/12/2024,2,3553,355.0,3.0
01/12/2024,3,2495,249.0,5.0
01/12/2024,4,7995,799.0,5.0
02/12/2024,1,3991,399.0,1.0
02/12/2024,2,1562,156.0,2.0
02/12/2024,3,2899,289.0,9.0
02/12/2024,4,1674,167.0,4.0
02/12/2024,5,2798,279.0,8.0
02/12/2024,6,4475,447.0,5.0
02/12/2024,7,5689,568.0,9.0
02/12/2024,8,1269,126.0,9.0
03/12/2024,1,3586,358.0,6.0
03/12/2024,2,1898,189.0,8.0
03/12/2024,3,1573,157.0,3.0
03/12/2024,4,2686,268.0,6.0
03/12/2024,5,5892,589.0,2.0
03/12/2024,6,2260,226.0,0.0
03/12/2024,7,1360,136.0,0.0
03/12/2024,8,3351,335.0,1.0
04/12/2024,1,5678,567.0,8.0
04/12/2024,2,1236,123.0,6.0
04/12/2024,3,8895,889.0,5.0
04/12/2024,4,2473,247.0,3.0
04/12/2024,5,4790,479.0,0.0
04/12/2024,6,5881,588.0,1.0
04/12/2024,7,1405,140.0,5.0
04/12/2024,8,4587,458.0,7.0
05/12/2024,1,1269,126.0,9.0
05/12/2024,2,2596,259.0,6.0
05/12/2024,3,6792,679.0,2.0
05/12/2024,4,4576,457.0,6.0
05/12/2024,5,2204,220.0,4.0
05/12/2024,6,5588,558.0,8.0
05/12/2024,7,1797,179.0,7.0
05/12/2024,8,1393,139.0,3.0
06/12/2024,1,2585,258.0,5.0
06/12/2024,2,4790,479.0,0.0
06/12/2024,3,3788,378.0,8.0
06/12/2024,4,3564,356.0,4.0
06/12/2024,5,1450,145.0,0.0
06/12/2024,6,5577,557.0,7.0
06/12/2024,7,7894,789.0,4.0
06/12/2024,8,3687,368.0,7.0
07/12/2024,1,2596,259.0,6.0
07/12/2024,2,4600,460.0,0.0
07/12/2024,3,1157,115.0,7.0
07/12/2024,4,3687,368.0,7.0
07/12/2024,5,6679,667.0,9.0
07/12/2024,6,2305,230.0,5.0
07/12/2024,7,2574,257.0,4.0
07/12/2024,8,1360,136.0,0.0
08/12/2024,1,1450,145.0,0.0
08/12/2024,2,5678,567.0,8.0
08/12/2024,3,3306,330.0,6.0
08/12/2024,4,1236,123.0,6.0
09/12/2024,1,3553,355.0,3.0
09/12/2024,2,2349,234.0,9.0
09/12/2024,3,1146,114.0,6.0
09/12/2024,4,3586,358.0,6.0
09/12/2024,5,5689,568.0,9.0
09/12/2024,6,7894,789.0,4.0
09/12/2024,7,2899,289.0,9.0
09/12/2024,8,1551,155.0,1.0
10/12/2024,1,2596,259.0,6.0
10/12/2024,2,8907,890.0,7.0
10/12/2024,3,4509,450.0,9.0
10/12/2024,4,2248,224.0,8.0
10/12/2024,5,6893,689.0,3.0
10/12/2024,6,1674,167.0,4.0
10/12/2024,7,3391,339.0,1.0
10/12/2024,8,5803,580.0,3.0
11/12/2024,1,6804,680.0,4.0
11/12/2024,2,2507,250.0,7.0
11/12/2024,3,3564,356.0,4.0
11/12/2024,4,1506,150.0,6.0
11/12/2024,5,2372,237.0,2.0
11/12/2024,6,6770,677.0,0.0
11/12/2024,7,1236,123.0,6.0
11/12/2024,8,7793,779.0,3.0
12/12/2024,1,5904,590.0,4.0
12/12/2024,2,2383,238.0,3.0
12/12/2024,3,4903,490.0,3.0
12/12/2024,4,2686,268.0,6.0
12/12/2024,5,7782,778.0,2.0
12/12/2024,6,4677,467.0,7.0
12/12/2024,7,1708,170.0,8.0
12/12/2024,8,1191,119.0,1.0
13/12/2024,1,2495,249.0,5.0
13/12/2024,2,2574,257.0,4.0
13/12/2024,3,4880,488.0,0.0
13/12/2024,4,5803,580.0,3.0
13/12/2024,5,1304,130.0,4.0
13/12/2024,6,8996,899.0,6.0
13/12/2024,7,2596,259.0,6.0
13/12/2024,8,1685,168.0,5.0
14/12/2024,1,5601,560.0,1.0
14/12/2024,2,6792,679.0,2.0
14/12/2024,3,3698,369.0,8.0
14/12/2024,4,1179,117.0,9.0
14/12/2024,5,2473,247.0,3.0
14/12/2024,6,1360,136.0,0.0
14/12/2024,7,6905,690.0,5.0
14/12/2024,8,3564,356.0,4.0
15/12/2024,1,1225,122.0,5.0
15/12/2024,2,4688,468.0,8.0
15/12/2024,3,2305,230.0,5.0
15/12/2024,4,2688,268.0,8.0
16/12/2024,1,2484,248.0,4.0
16/12/2024,2,1360,136.0,0.0
16/12/2024,3,6804,680.0,4.0
16/12/2024,4,4509,450.0,9.0
16/12/2024,5,5588,558.0,8.0
16/12/2024,6,5904,590.0,4.0
16/12/2024,7,7007,700.0,7.0
16/12/2024,8,3564,356.0,4.0
17/12/2024,1,1179,117.0,9.0
17/12/2024,2,2574,257.0,4.0
17/12/2024,3,2596,259.0,6.0
17/12/2024,4,5702,570.0,2.0
17/12/2024,5,4790,479.0,0.0
17/12/2024,6,3700,370.0,0.0
17/12/2024,7,1360,136.0,0.0
17/12/2024,8,6679,667.0,9.0
18/12/2024,1,1472,147.0,2.0
18/12/2024,2,1461,146.0,1.0
18/12/2024,3,4802,480.0,2.0
18/12/2024,4,6994,699.0,4.0
18/12/2024,5,3700,370.0,0.0
18/12/2024,6,2451,245.0,1.0
18/12/2024,7,2563,256.0,3.0
18/12/2024,8,4609,460.0,9.0
19/12/2024,1,1685,168.0,5.0
19/12/2024,2,2350,235.0,0.0
19/12/2024,3,5566,556.0,6.0
19/12/2024,4,1450,145.0,0.0
19/12/2024,5,2563,256.0,3.0
19/12/2024,6,4576,457.0,6.0
19/12/2024,7,5690,569.0,0.0
19/12/2024,8,4778,477.0,8.0
20/12/2024,1,2372,237.0,2.0
20/12/2024,2,1269,126.0,9.0
20/12/2024,3,5678,567.0,8.0
20/12/2024,4,2361,236.0,1.0
20/12/2024,5,4903,490.0,3.0
20/12/2024,6,7782,778.0,2.0
20/12/2024,7,5689,568.0,9.0
20/12/2024,8,3575,357.0,5.0
21/12/2024,1,1393,139.0,3.0
21/12/2024,2,7894,789.0,4.0
21/12/2024,3,1607,160.0,7.0
21/12/2024,4,6893,689.0,3.0
21/12/2024,5,4598,459.0,8.0
21/12/2024,6,2349,234.0,9.0
21/12/2024,7,3575,357.0,5.0
21/12/2024,8,6882,688.0,2.0
22/12/2024,1,1269,126.0,9.0
22/12/2024,2,3564,356.0,4.0
22/12/2024,3,4497,449.0,7.0
22/12/2024,4,4903,490.0,3.0
23/12/2024,1,3452,345.0,2.0
23/12/2024,2,2664,266.0,4.0
23/12/2024,3,1898,189.0,8.0
23/12/2024,4,1607,160.0,7.0
23/12/2024,5,6691,669.0,1.0
23/12/2024,6,1461,146.0,1.0
23/12/2024,7,6781,678.0,1.0
23/12/2024,8,7894,789.0,4.0
24/12/2024,1,3700,370.0,0.0
24/12/2024,2,1382,138.0,2.0
24/12/2024,3,4475,447.0,5.0
24/12/2024,4,6804,680.0,4.0
24/12/2024,5,1483,148.0,3.0
24/12/2024,6,4509,450.0,9.0
24/12/2024,7,3485,348.0,5.0
24/12/2024,8,1809,180.0,9.0
25/12/2024,1,4789,478.0,9.0
25/12/2024,2,6602,660.0,2.0
25/12/2024,3,4600,460.0,0.0
25/12/2024,4,1472,147.0,2.0
25/12/2024,5,1281,128.0,1.0
25/12/2024,6,2350,235.0,0.0
25/12/2024,7,2451,245.0,1.0
25/12/2024,8,8008,800.0,8.0
26/12/2024,1,6703,670.0,3.0
26/12/2024,2,5881,588.0,1.0
26/12/2024,3,2798,279.0,8.0
26/12/2024,4,4587,458.0,7.0
26/12/2024,5,1584,158.0,4.0
26/12/2024,6,6804,680.0,4.0
26/12/2024,7,7793,779.0,3.0
26/12/2024,8,2462,246.0,2.0
27/12/2024,1,6893,689.0,3.0
27/12/2024,2,2574,257.0,4.0
27/12/2024,3,4688,468.0,8.0
27/12/2024,4,1359,135.0,9.0
27/12/2024,5,3799,379.0,9.0
27/12/2024,6,4486,448.0,6.0
27/12/2024,7,1360,136.0,0.0
27/12/2024,8,7894,789.0,4.0
28/12/2024,1,2675,267.0,5.0
28/12/2024,2,1281,128.0,1.0
28/12/2024,3,3889,388.0,9.0
28/12/2024,4,2697,269.0,7.0
28/12/2024,5,6804,680.0,4.0
28/12/2024,6,1900,190.0,0.0
28/12/2024,7,2574,257.0,4.0
28/12/2024,8,5689,568.0,9.0
29/12/2024,1,1361,136.0,1.0
29/12/2024,2,1405,140.0,5.0
29/12/2024,3,5702,570.0,2.0
29/12/2024,4,3665,366.0,5.0
30/12/2024,1,5803,580.0,3.0
30/12/2024,2,8907,890.0,7.0
30/12/2024,3,2563,256.0,3.0
30/12/2024,4,1405,140.0,5.0
30/12/2024,5,1494,149.0,4.0
30/12/2024,6,2585,258.0,5.0
30/12/2024,7,1269,126.0,9.0
30/12/2024,8,6893,689.0,3.0
31/12/2024,1,6680,668.0,0.0
31/12/2024,2,1562,156.0,2.0
31/12/2024,3,5780,578.0,0.0
31/12/2024,4,3407,340.0,7.0
31/12/2024,5,4778,477.0,8.0
31/12/2024,6,6792,679.0,2.0
31/12/2024,7,1607,160.0,7.0
31/12/2024,8,3597,359.0,7.0
01/01/2025,1,3553,355.0,3.0
01/01/2025,2,3407,340.0,7.0
01/01/2025,3,2282,228.0,2.0
01/01/2025,4,5702,570.0,2.0
01/01/2025,5,1506,150.0,6.0
01/01/2025,6,1461,146.0,1.0
01/01/2025,7,8907,890.0,7.0
01/01/2025,8,3687,368.0,7.0
02/01/2025,1,2901,290.0,1.0
02/01/2025,2,4497,449.0,7.0
02/01/2025,3,3586,358.0,6.0
02/01/2025,4,4509,450.0,9.0
02/01/2025,5,1663,166.0,3.0
02/01/2025,6,1359,135.0,9.0
02/01/2025,7,4790,479.0,0.0
02/01/2025,8,5780,578.0,0.0
03/01/2025,1,1461,146.0,1.0
03/01/2025,2,3687,368.0,7.0
03/01/2025,3,6703,670.0,3.0
03/01/2025,4,4688,468.0,8.0
03/01/2025,5,3362,336.0,2.0
03/01/2025,6,6804,680.0,4.0
03/01/2025,7,7906,790.0,6.0
03/01/2025,8,2238,223.0,8.0
04/01/2025,1,5689,568.0,9.0
04/01/2025,2,5690,569.0,0.0
04/01/2025,3,4587,458.0,7.0
04/01/2025,4,1562,156.0,2.0
04/01/2025,5,3373,337.0,3.0
04/01/2025,6,2451,245.0,1.0
04/01/2025,7,2462,246.0,2.0
04/01/2025,8,1461,146.0,1.0
05/01/2025,1,1708,170.0,8.0
05/01/2025,2,2271,227.0,1.0
05/01/2025,3,1675,167.0,5.0
05/01/2025,4,4464,446.0,4.0
06/01/2025,1,5904,590.0,4.0
06/01/2025,2,1573,157.0,3.0
06/01/2025,3,4600,460.0,0.0
06/01/2025,4,1393,139.0,3.0
06/01/2025,5,3890,389.0,0.0
06/01/2025,6,2406,240.0,6.0
06/01/2025,7,8895,889.0,5.0
06/01/2025,8,4789,478.0,9.0
07/01/2025,1,5689,568.0,9.0
07/01/2025,2,2473,247.0,3.0
07/01/2025,3,1382,138.0,2.0
07/01/2025,4,4509,450.0,9.0
07/01/2025,5,3407,340.0,7.0
07/01/2025,6,1551,155.0,1.0
07/01/2025,7,4587,458.0,7.0
07/01/2025,8,3463,346.0,3.0
08/01/2025,1,1900,190.0,0.0
08/01/2025,2,7795,779.0,5.0
08/01/2025,3,3485,348.0,5.0
08/01/2025,4,2709,270.0,9.0
08/01/2025,5,3384,338.0,4.0
08/01/2025,6,1382,138.0,2.0
08/01/2025,7,2675,267.0,5.0
08/01/2025,8,8996,899.0,6.0
09/01/2025,1,1270,127.0,0.0
09/01/2025,2,5780,578.0,0.0
09/01/2025,3,3485,348.0,5.0
09/01/2025,4,1269,126.0,9.0
09/01/2025,5,4576,457.0,6.0
09/01/2025,6,2349,234.0,9.0
09/01/2025,7,1359,135.0,9.0
09/01/2025,8,7782,778.0,2.0
10/01/2025,1,3575,357.0,5.0
10/01/2025,2,1483,148.0,3.0
10/01/2025,3,2338,233.0,8.0
10/01/2025,4,1450,145.0,0.0
10/01/2025,5,5779,577.0,9.0
10/01/2025,6,5780,578.0,0.0
10/01/2025,7,2686,268.0,6.0
10/01/2025,8,4576,457.0,6.0
11/01/2025,1,1595,159.0,5.0
11/01/2025,2,1562,156.0,2.0
11/01/2025,3,6893,689.0,3.0
11/01/2025,4,4802,480.0,2.0
11/01/2025,5,8907,890.0,7.0
11/01/2025,6,3890,389.0,0.0
11/01/2025,7,2585,258.0,5.0
11/01/2025,8,2574,257.0,4.0
12/01/2025,1,3496,349.0,6.0
12/01/2025,2,6679,667.0,9.0
12/01/2025,3,2787,278.0,7.0
12/01/2025,4,3575,357.0,5.0
13/01/2025,1,4802,480.0,2.0
13/01/2025,2,1405,140.0,5.0
13/01/2025,3,5881,588.0,1.0
13/01/2025,4,1461,146.0,1.0
13/01/2025,5,1113,111.0,3.0
13/01/2025,6,2574,257.0,4.0
13/01/2025,7,5678,567.0,8.0
13/01/2025,8,2406,240.0,6.0
14/01/2025,1,3586,358.0,6.0
14/01/2025,2,1292,129.0,2.0
14/01/2025,3,3799,379.0,9.0
14/01/2025,4,2349,234.0,9.0
14/01/2025,5,6792,679.0,2.0
14/01/2025,6,4891,489.0,1.0
14/01/2025,7,6680,668.0,0.0
14/01/2025,8,2451,245.0,1.0
15/01/2025,1,4699,469.0,9.0
15/01/2025,2,1382,138.0,2.0
15/01/2025,3,6781,678.0,1.0
15/01/2025,4,5779,577.0,9.0
15/01/2025,5,2901,290.0,1.0
15/01/2025,6,8806,880.0,6.0
15/01/2025,7,4587,458.0,7.0
15/01/2025,8,2361,236.0,1.0
16/01/2025,1,4600,460.0,0.0
16/01/2025,2,7906,790.0,6.0
16/01/2025,3,7894,789.0,4.0
16/01/2025,4,2394,239.0,4.0
16/01/2025,5,3452,345.0,2.0
16/01/2025,6,2901,290.0,1.0
16/01/2025,7,6804,680.0,4.0
16/01/2025,8,8996,899.0,6.0
17/01/2025,1,3407,340.0,7.0
17/01/2025,2,4475,447.0,5.0
17/01/2025,3,1674,167.0,4.0
17/01/2025,4,6703,670.0,3.0
17/01/2025,5,2372,237.0,2.0
17/01/2025,6,4688,468.0,8.0
17/01/2025,7,7704,770.0,4.0
17/01/2025,8,3788,378.0,8.0
18/01/2025,1,4802,480.0,2.0
18/01/2025,2,1595,159.0,5.0
18/01/2025,3,3991,399.0,1.0
18/01/2025,4,3586,358.0,6.0
18/01/2025,5,1405,140.0,5.0
18/01/2025,6,4600,460.0,0.0
18/01/2025,7,2899,289.0,9.0
18/01/2025,8,8895,889.0,5.0
19/01/2025,1,2563,256.0,3.0
19/01/2025,2,1359,135.0,9.0
19/01/2025,3,4598,459.0,8.0
19/01/2025,4,3441,344.0,1.0
20/01/2025,1,2002,200.0,2.0
20/01/2025,2,6792,679.0,2.0
20/01/2025,3,2473,247.0,3.0
20/01/2025,4,3485,348.0,5.0
20/01/2025,5,4880,488.0,0.0
20/01/2025,6,9908,990.0,8.0
20/01/2025,7,2406,240.0,6.0
20/01/2025,8,4789,478.0,9.0
21/01/2025,1,1382,138.0,2.0
21/01/2025,2,3496,349.0,6.0
21/01/2025,3,1607,160.0,7.0
21/01/2025,4,2697,269.0,7.0
21/01/2025,5,1001,100.0,1.0
21/01/2025,6,3801,380.0,1.0
21/01/2025,7,3687,368.0,7.0
21/01/2025,8,5601,560.0,1.0
22/01/2025,1,7906,790.0,6.0
22/01/2025,2,3395,339.0,5.0
22/01/2025,3,2406,240.0,6.0
22/01/2025,4,6903,690.0,3.0
22/01/2025,5,1472,147.0,2.0
22/01/2025,6,1449,144.0,9.0
22/01/2025,7,2798,279.0,8.0
22/01/2025,8,2608,260.0,8.0
23/01/2025,1,3676,367.0,6.0
23/01/2025,2,2563,256.0,3.0
23/01/2025,3,2451,245.0,1.0
23/01/2025,4,8895,889.0,5.0
23/01/2025,5,9997,999.0,7.0
23/01/2025,6,6905,690.0,5.0
23/01/2025,7,5702,570.0,2.0
23/01/2025,8,3902,390.0,2.0
24/01/2025,1,1247,124.0,7.0
24/01/2025,2,4701,470.0,1.0
24/01/2025,3,1371,137.0,1.0
24/01/2025,4,2664,266.0,4.0
24/01/2025,5,1898,189.0,8.0
24/01/2025,6,2585,258.0,5.0
24/01/2025,7,5689,568.0,9.0
24/01/2025,8,6770,677.0,0.0
25/01/2025,1,7894,789.0,4.0
25/01/2025,2,1786,178.0,6.0
25/01/2025,3,6893,689.0,3.0
25/01/2025,4,2473,247.0,3.0
25/01/2025,5,3463,346.0,3.0
25/01/2025,6,3362,336.0,2.0
25/01/2025,7,1472,147.0,2.0
25/01/2025,8,4509,450.0,9.0
27/01/2025,1,1494,149.0,4.0
27/01/2025,2,1786,178.0,6.0
27/01/2025,3,4475,447.0,5.0
27/01/2025,4,2350,235.0,0.0
27/01/2025,5,6893,689.0,3.0
27/01/2025,6,6792,679.0,2.0
27/01/2025,7,7704,770.0,4.0
27/01/2025,8,2675,267.0,5.0
28/01/2025,1,5780,578.0,0.0
28/01/2025,2,2899,289.0,9.0
28/01/2025,3,1786,178.0,6.0
28/01/2025,4,3496,349.0,6.0
28/01/2025,5,1551,155.0,1.0
28/01/2025,6,3700,370.0,0.0
28/01/2025,7,7906,790.0,6.0
28/01/2025,8,2664,266.0,4.0
29/01/2025,1,2596,259.0,6.0
29/01/2025,2,3474,347.0,4.0
29/01/2025,3,6792,679.0,2.0
29/01/2025,4,1708,170.0,8.0
29/01/2025,5,7883,788.0,3.0
29/01/2025,6,1674,167.0,4.0
29/01/2025,7,2372,237.0,2.0
29/01/2025,8,1797,179.0,7.0
30/01/2025,1,3801,380.0,1.0
30/01/2025,2,7906,790.0,6.0
30/01/2025,3,1584,158.0,4.0
30/01/2025,4,8895,889.0,5.0
30/01/2025,5,1348,134.0,8.0
30/01/2025,6,2372,237.0,2.0
30/01/2025,7,5599,559.0,9.0
30/01/2025,8,2901,290.0,1.0
31/01/2025,1,7906,790.0,6.0
31/01/2025,2,1168,116.0,8.0
31/01/2025,3,4600,460.0,0.0
31/01/2025,4,3687,368.0,7.0
31/01/2025,5,2709,270.0,9.0
31/01/2025,6,2484,248.0,4.0
31/01/2025,7,1281,128.0,1.0
31/01/2025,8,1799,179.0,9.0
01/02/2025,1,6680,668.0,0.0
01/02/2025,2,4802,480.0,2.0
01/02/2025,3,6792,679.0,2.0
01/02/2025,4,3496,349.0,6.0
01/02/2025,5,3508,350.0,8.0
01/02/2025,6,1348,134.0,8.0
01/02/2025,7,9009,900.0,9.0
01/02/2025,8,1696,169.0,6.0
02/02/2025,1,3597,359.0,7.0
02/02/2025,2,4790,479.0,0.0
02/02/2025,3,1551,155.0,1.0
02/02/2025,4,1607,160.0,7.0
03/02/2025,1,1607,160.0,7.0
03/02/2025,2,3373,337.0,3.0
03/02/2025,3,2686,268.0,6.0
03/02/2025,4,4790,479.0,0.0
03/02/2025,5,1270,127.0,0.0
03/02/2025,6,2574,257.0,4.0
03/02/2025,7,3700,370.0,0.0
03/02/2025,8,1584,158.0,4.0
04/02/2025,1,3700,370.0,0.0
04/02/2025,2,2484,248.0,4.0
04/02/2025,3,4677,467.0,7.0
04/02/2025,4,4790,479.0,0.0
04/02/2025,5,1663,166.0,3.0
04/02/2025,6,6703,670.0,3.0
04/02/2025,7,6781,678.0,1.0
04/02/2025,8,1450,145.0,0.0
05/02/2025,1,1797,179.0,7.0
05/02/2025,2,3597,359.0,7.0
05/02/2025,3,2260,226.0,0.0
05/02/2025,4,2686,268.0,6.0
05/02/2025,5,7995,799.0,5.0
05/02/2025,6,3801,380.0,1.0
05/02/2025,7,5803,580.0,3.0
05/02/2025,8,3698,369.0,8.0
06/02/2025,1,1269,126.0,9.0
06/02/2025,2,6994,699.0,4.0
06/02/2025,3,3564,356.0,4.0
06/02/2025,4,1900,190.0,0.0
06/02/2025,5,3407,340.0,7.0
06/02/2025,6,4677,467.0,7.0
06/02/2025,7,5993,599.0,3.0
06/02/2025,8,4475,447.0,5.0
07/02/2025,1,1450,145.0,0.0
07/02/2025,2,1203,120.0,3.0
07/02/2025,3,3676,367.0,6.0
07/02/2025,4,2473,247.0,3.0
07/02/2025,5,3441,344.0,1.0
07/02/2025,6,5690,569.0,0.0
07/02/2025,7,2596,259.0,6.0
07/02/2025,8,8895,889.0,5.0
08/02/2025,1,1573,157.0,3.0
08/02/2025,2,5881,588.0,1.0
08/02/2025,3,2596,259.0,6.0
08/02/2025,4,2697,269.0,7.0
08/02/2025,5,6679,667.0,9.0
08/02/2025,6,1247,124.0,7.0
08/02/2025,7,3564,356.0,4.0
08/02/2025,8,1786,178.0,6.0
09/02/2025,1,1900,190.0,0.0
09/02/2025,2,1483,148.0,3.0
09/02/2025,3,3788,378.0,8.0
09/02/2025,4,4600,460.0,0.0
10/02/2025,1,4587,458.0,7.0
10/02/2025,2,1494,149.0,4.0
10/02/2025,3,2888,288.0,8.0
10/02/2025,4,4598,459.0,8.0
10/02/2025,5,2675,267.0,5.0
10/02/2025,6,1236,123.0,6.0
10/02/2025,7,7906,790.0,6.0
10/02/2025,8,1506,150.0,6.0
11/02/2025,1,8907,890.0,7.0
11/02/2025,2,1405,140.0,5.0
11/02/2025,3,7793,779.0,3.0
11/02/2025,4,7894,789.0,4.0
11/02/2025,5,5791,579.0,1.0
11/02/2025,6,1584,158.0,4.0
11/02/2025,7,6680,668.0,0.0
11/02/2025,8,4699,469.0,9.0
12/02/2025,1,5566,556.0,6.0
12/02/2025,2,3687,368.0,7.0
12/02/2025,3,3463,346.0,3.0
12/02/2025,4,2507,250.0,7.0
12/02/2025,5,9009,900.0,9.0
12/02/2025,6,1360,136.0,0.0
12/02/2025,7,4598,459.0,8.0
12/02/2025,8,2901,290.0,1.0
13/02/2025,1,1225,122.0,5.0
13/02/2025,2,1461,146.0,1.0
13/02/2025,3,3395,339.0,5.0
13/02/2025,4,3700,370.0,0.0
13/02/2025,5,5689,568.0,9.0
13/02/2025,6,2901,290.0,1.0
13/02/2025,7,5601,560.0,1.0
13/02/2025,8,5993,599.0,3.0
14/02/2025,1,1348,134.0,8.0
14/02/2025,2,6703,670.0,3.0
14/02/2025,3,2473,247.0,3.0
14/02/2025,4,5005,500.0,5.0
14/02/2025,5,3698,369.0,8.0
14/02/2025,6,1236,123.0,6.0
14/02/2025,7,3777,377.0,7.0
14/02/2025,8,2406,240.0,6.0
15/02/2025,1,1461,146.0,1.0
15/02/2025,2,7704,770.0,4.0
15/02/2025,3,4598,459.0,8.0
15/02/2025,4,2349,234.0,9.0
15/02/2025,5,1595,159.0,5.0
15/02/2025,6,6703,670.0,3.0
15/02/2025,7,3665,366.0,5.0
15/02/2025,8,8895,889.0,5.0
16/02/2025,1,2361,236.0,1.0
16/02/2025,2,2563,256.0,3.0
16/02/2025,3,3902,390.0,2.0
16/02/2025,4,4453,445.0,3.0
17/02/2025,1,3801,380.0,1.0
17/02/2025,2,8902,890.0,2.0
17/02/2025,3,5599,559.0,9.0
17/02/2025,4,1269,126.0,9.0
17/02/2025,5,4598,459.0,8.0
17/02/2025,6,4699,469.0,9.0
17/02/2025,7,6602,660.0,2.0
17/02/2025,8,6781,678.0,1.0
18/02/2025,1,7894,789.0,4.0
18/02/2025,2,5790,579.0,0.0
18/02/2025,3,2675,267.0,5.0
18/02/2025,4,1360,136.0,0.0
18/02/2025,5,4992,499.0,2.0
18/02/2025,6,2787,278.0,7.0
18/02/2025,7,4565,456.0,5.0
18/02/2025,8,9908,990.0,8.0
19/02/2025,1,1270,127.0,0.0
19/02/2025,2,1573,157.0,3.0
19/02/2025,3,5791,579.0,1.0
19/02/2025,4,4677,467.0,7.0
19/02/2025,5,3496,349.0,6.0
19/02/2025,6,2473,247.0,3.0
19/02/2025,7,4891,489.0,1.0
19/02/2025,8,7906,790.0,6.0
20/02/2025,1,1269,126.0,9.0
20/02/2025,2,4699,469.0,9.0
20/02/2025,3,5678,567.0,8.0
20/02/2025,4,3003,300.0,3.0
20/02/2025,5,1304,130.0,4.0
20/02/2025,6,3676,367.0,6.0
20/02/2025,7,6905,690.0,5.0
20/02/2025,8,3890,389.0,0.0
21/02/2025,1,2394,239.0,4.0
21/02/2025,2,4600,460.0,0.0
21/02/2025,3,5892,589.0,2.0
21/02/2025,4,3889,388.0,9.0
21/02/2025,5,1371,137.0,1.0
21/02/2025,6,8008,800.0,8.0
21/02/2025,7,2305,230.0,5.0
21/02/2025,8,3496,349.0,6.0
22/02/2025,1,1405,140.0,5.0
22/02/2025,2,1584,158.0,4.0
22/02/2025,3,7782,778.0,2.0
22/02/2025,4,2596,259.0,6.0
22/02/2025,5,2349,234.0,9.0
22/02/2025,6,4699,469.0,9.0
22/02/2025,7,7894,789.0,4.0
22/02/2025,8,4408,440.0,8.0
23/02/2025,1,4677,467.0,7.0
23/02/2025,2,3799,379.0,9.0
23/02/2025,3,2271,227.0,1.0
23/02/2025,4,1584,158.0,4.0
24/02/2025,1,3564,356.0,4.0
24/02/2025,2,5005,500.0,5.0
24/02/2025,3,2372,237.0,2.0
24/02/2025,4,4565,456.0,5.0
24/02/2025,5,2563,256.0,3.0
24/02/2025,6,3485,348.0,5.0
24/02/2025,7,1393,139.0,3.0
24/02/2025,8,4600,460.0,0.0
25/02/2025,1,1247,124.0,7.0
25/02/2025,2,3496,349.0,6.0
25/02/2025,3,5881,588.0,1.0
25/02/2025,4,1348,134.0,8.0
25/02/2025,5,4701,470.0,1.0
25/02/2025,6,2260,226.0,0.0
25/02/2025,7,6905,690.0,5.0
25/02/2025,8,4587,458.0,7.0
26/02/2025,1,1236,123.0,6.0
26/02/2025,2,2901,290.0,1.0
26/02/2025,3,5667,566.0,7.0
26/02/2025,4,1483,148.0,3.0
26/02/2025,5,4699,469.0,9.0
26/02/2025,6,1348,134.0,8.0
26/02/2025,7,5689,568.0,9.0
26/02/2025,8,6680,668.0,0.0
27/02/2025,1,4790,479.0,0.0
27/02/2025,2,1797,179.0,7.0
27/02/2025,3,3463,346.0,3.0
27/02/2025,4,2394,239.0,4.0
27/02/2025,5,6781,678.0,1.0
27/02/2025,6,5601,560.0,1.0
27/02/2025,7,1304,130.0,4.0
27/02/2025,8,2383,238.0,3.0
28/02/2025,1,2574,257.0,4.0
28/02/2025,2,1900,190.0,0.0
28/02/2025,3,3890,389.0,0.0
28/02/2025,4,6691,669.0,1.0
28/02/2025,5,4802,480.0,2.0
28/02/2025,6,2901,290.0,1.0
28/02/2025,7,1382,138.0,2.0
28/02/2025,8,3575,357.0,5.0
01/03/2025,1,3407,340.0,7.0
01/03/2025,2,1405,140.0,5.0
01/03/2025,3,1269,126.0,9.0
01/03/2025,4,2495,249.0,5.0
01/03/2025,5,2260,226.0,0.0
01/03/2025,6,5780,578.0,0.0
01/03/2025,7,3890,389.0,0.0
01/03/2025,8,8806,880.0,6.0
02/03/2025,1,2686,268.0,6.0
02/03/2025,2,1786,178.0,6.0
02/03/2025,3,6694,669.0,4.0
02/03/2025,4,2697,269.0,7.0
03/03/2025,1,7805,780.0,5.0
03/03/2025,2,5803,580.0,3.0
03/03/2025,3,2406,240.0,6.0
03/03/2025,4,1595,159.0,5.0
03/03/2025,5,3463,346.0,3.0
03/03/2025,6,3700,370.0,0.0
03/03/2025,7,1483,148.0,3.0
03/03/2025,8,1562,156.0,2.0
04/03/2025,1,3003,300.0,3.0
04/03/2025,2,1270,127.0,0.0
04/03/2025,3,1393,139.0,3.0
04/03/2025,4,5881,588.0,1.0
04/03/2025,5,5601,560.0,1.0
04/03/2025,6,8895,889.0,5.0
04/03/2025,7,3687,368.0,7.0
04/03/2025,8,3698,369.0,8.0
05/03/2025,1,1472,147.0,2.0
05/03/2025,2,4587,458.0,7.0
05/03/2025,3,2697,269.0,7.0
05/03/2025,4,4554,455.0,4.0
05/03/2025,5,1270,127.0,0.0
05/03/2025,6,2596,259.0,6.0
05/03/2025,7,5779,577.0,9.0
05/03/2025,8,1292,129.0,2.0
06/03/2025,1,3799,379.0,9.0
06/03/2025,2,3698,369.0,8.0
06/03/2025,3,1001,100.0,1.0
06/03/2025,4,2473,247.0,3.0
06/03/2025,5,2406,240.0,6.0
06/03/2025,6,4903,490.0,3.0
06/03/2025,7,4688,468.0,8.0
06/03/2025,8,8806,880.0,6.0
07/03/2025,1,1236,123.0,6.0
07/03/2025,2,4688,468.0,8.0
07/03/2025,3,7906,790.0,6.0
07/03/2025,4,1483,148.0,3.0
07/03/2025,5,3339,333.0,9.0
07/03/2025,6,3575,357.0,5.0
07/03/2025,7,5791,579.0,1.0
07/03/2025,8,4598,459.0,8.0
08/03/2025,1,1674,167.0,4.0
08/03/2025,2,3799,379.0,9.0
08/03/2025,3,5588,558.0,8.0
08/03/2025,4,1304,130.0,4.0
08/03/2025,5,5780,578.0,0.0
08/03/2025,6,4688,468.0,8.0
08/03/2025,7,2552,255.0,2.0
08/03/2025,8,3586,358.0,6.0
09/03/2025,1,3687,368.0,7.0
09/03/2025,2,4576,457.0,6.0
09/03/2025,3,1281,128.0,1.0
09/03/2025,4,5689,568.0,9.0
10/03/2025,1,2383,238.0,3.0
10/03/2025,2,2798,279.0,8.0
10/03/2025,3,1270,127.0,0.0
10/03/2025,4,4603,460.0,3.0
10/03/2025,5,5904,590.0,4.0
10/03/2025,6,6882,688.0,2.0
10/03/2025,7,6703,670.0,3.0
10/03/2025,8,3351,335.0,1.0
11/03/2025,1,1584,158.0,4.0
11/03/2025,2,4789,478.0,9.0
11/03/2025,3,1247,124.0,7.0
11/03/2025,4,2776,277.0,6.0
11/03/2025,5,1382,138.0,2.0
11/03/2025,6,4688,468.0,8.0
11/03/2025,7,3553,355.0,3.0
11/03/2025,8,2394,239.0,4.0
12/03/2025,1,9908,990.0,8.0
12/03/2025,2,2451,245.0,1.0
12/03/2025,3,3698,369.0,8.0
12/03/2025,4,4587,458.0,7.0
12/03/2025,5,1898,189.0,8.0
12/03/2025,6,1359,135.0,9.0
12/03/2025,7,5993,599.0,3.0
12/03/2025,8,2394,239.0,4.0
13/03/2025,1,1382,138.0,2.0
13/03/2025,2,4701,470.0,1.0
13/03/2025,3,3452,345.0,2.0
13/03/2025,4,7783,778.0,3.0
13/03/2025,5,5791,579.0,1.0
13/03/2025,6,1999,199.0,9.0
13/03/2025,7,3575,357.0,5.0
13/03/2025,8,5678,567.0,8.0
17/03/2025,1,2260,226.0,0.0
17/03/2025,2,3698,369.0,8.0
17/03/2025,3,1786,178.0,6.0
17/03/2025,4,3586,358.0,6.0
17/03/2025,5,5904,590.0,4.0
17/03/2025,6,1360,136.0,0.0
17/03/2025,7,4790,479.0,0.0
17/03/2025,8,3395,339.0,5.0
18/03/2025,1,3788,378.0,8.0
18/03/2025,2,1809,180.0,9.0
18/03/2025,3,4802,480.0,2.0
18/03/2025,4,6680,668.0,0.0
18/03/2025,5,2563,256.0,3.0
18/03/2025,6,6905,690.0,5.0
18/03/2025,7,2798,279.0,8.0
18/03/2025,8,1663,166.0,3.0
19/03/2025,1,4688,468.0,8.0
19/03/2025,2,3463,346.0,3.0
19/03/2025,3,8907,890.0,7.0
19/03/2025,4,2990,299.0,0.0
19/03/2025,5,2585,258.0,5.0
19/03/2025,6,5892,589.0,2.0
19/03/2025,7,2574,257.0,4.0
19/03/2025,8,7782,778.0,2.0
20/03/2025,1,4891,489.0,1.0
20/03/2025,2,3340,334.0,0.0
20/03/2025,3,2798,279.0,8.0
20/03/2025,4,1887,188.0,7.0
20/03/2025,5,1292,129.0,2.0
20/03/2025,6,4701,470.0,1.0
20/03/2025,7,5803,580.0,3.0
20/03/2025,8,4790,479.0,0.0
21/03/2025,1,1348,134.0,8.0
21/03/2025,2,5780,578.0,0.0
21/03/2025,3,7704,770.0,4.0
21/03/2025,4,2608,260.0,8.0
21/03/2025,5,2484,248.0,4.0
21/03/2025,6,8895,889.0,5.0
21/03/2025,7,1494,149.0,4.0
21/03/2025,8,3777,377.0,7.0
22/03/2025,1,1506,150.0,6.0
22/03/2025,2,1348,134.0,8.0
22/03/2025,3,4453,445.0,3.0
22/03/2025,4,6792,679.0,2.0
22/03/2025,5,4575,457.0,5.0
22/03/2025,6,1461,146.0,1.0
22/03/2025,7,3788,378.0,8.0
22/03/2025,8,2282,228.0,2.0
23/03/2025,1,2451,245.0,1.0
23/03/2025,2,4600,460.0,0.0
23/03/2025,3,5803,580.0,3.0
23/03/2025,4,3496,349.0,6.0
24/03/2025,1,3597,359.0,7.0
24/03/2025,2,4486,448.0,6.0
24/03/2025,3,1607,160.0,7.0
24/03/2025,4,1270,127.0,0.0
24/03/2025,5,8907,890.0,7.0
24/03/2025,6,5005,500.0,5.0
24/03/2025,7,4509,450.0,9.0
24/03/2025,8,1573,157.0,3.0
25/03/2025,1,1247,124.0,7.0
25/03/2025,2,2394,239.0,4.0
25/03/2025,3,4587,458.0,7.0
25/03/2025,4,2383,238.0,3.0
25/03/2025,5,3902,390.0,2.0
25/03/2025,6,6006,600.0,6.0
25/03/2025,7,1797,179.0,7.0
25/03/2025,8,3003,300.0,3.0
26/03/2025,1,2686,268.0,6.0
26/03/2025,2,5904,590.0,4.0
26/03/2025,3,1607,160.0,7.0
26/03/2025,4,3373,337.0,3.0
26/03/2025,5,1348,134.0,8.0
26/03/2025,6,3698,369.0,8.0
26/03/2025,7,4554,455.0,4.0
26/03/2025,8,5803,580.0,3.0
27/03/2025,1,5780,578.0,0.0
27/03/2025,2,3799,379.0,9.0
27/03/2025,3,2349,234.0,9.0
27/03/2025,4,1371,137.0,1.0
27/03/2025,5,2709,270.0,9.0
27/03/2025,6,1674,167.0,4.0
27/03/2025,7,5904,590.0,4.0
27/03/2025,8,4891,489.0,1.0
28/03/2025,1,3676,367.0,6.0
28/03/2025,2,1371,137.0,1.0
28/03/2025,3,4701,470.0,1.0
28/03/2025,4,1360,136.0,0.0
28/03/2025,5,5601,560.0,1.0
28/03/2025,6,4789,478.0,9.0
28/03/2025,7,8008,800.0,8.0
28/03/2025,8,3788,378.0,8.0
29/03/2025,1,5577,557.0,7.0
29/03/2025,2,3801,380.0,1.0
29/03/2025,3,2406,240.0,6.0
29/03/2025,4,2574,257.0,4.0
29/03/2025,5,1203,120.0,3.0
29/03/2025,6,1483,148.0,3.0
29/03/2025,7,4600,460.0,0.0
29/03/2025,8,2709,270.0,9.0
30/03/2025,1,3362,336.0,2.0
30/03/2025,2,5892,589.0,2.0
30/03/2025,3,4699,469.0,9.0
30/03/2025,4,2608,260.0,8.0
01/04/2025,1,7906,790.0,6.0
01/04/2025,2,5791,579.0,1.0
01/04/2025,3,1405,140.0,5.0
01/04/2025,4,6804,680.0,4.0
01/04/2025,5,2495,249.0,5.0
01/04/2025,6,5667,566.0,7.0
01/04/2025,7,7805,780.0,5.0
01/04/2025,8,2484,248.0,4.0
02/04/2025,1,2372,237.0,2.0
02/04/2025,2,1348,134.0,8.0
02/04/2025,3,2596,259.0,6.0
02/04/2025,4,3788,378.0,8.0
02/04/2025,5,4598,459.0,8.0
02/04/2025,6,3564,356.0,4.0
02/04/2025,7,1236,123.0,6.0
02/04/2025,8,4790,479.0,0.0
03/04/2025,1,3597,359.0,7.0
03/04/2025,2,4587,458.0,7.0
03/04/2025,3,5566,556.0,6.0
03/04/2025,4,1472,147.0,2.0
03/04/2025,5,3575,357.0,5.0
03/04/2025,6,1696,169.0,6.0
03/04/2025,7,2675,267.0,5.0
03/04/2025,8,3586,358.0,6.0
04/04/2025,1,1562,156.0,2.0
04/04/2025,2,3463,346.0,3.0
04/04/2025,3,2394,239.0,4.0
04/04/2025,4,3788,378.0,8.0
04/04/2025,5,2990,299.0,0.0
04/04/2025,6,5892,589.0,2.0
04/04/2025,7,1422,142.0,2.0
04/04/2025,8,3441,344.0,1.0
05/04/2025,1,4790,479.0,0.0
05/04/2025,2,7995,799.0,5.0
05/04/2025,3,3676,367.0,6.0
05/04/2025,4,3586,358.0,6.0
05/04/2025,5,1281,128.0,1.0
05/04/2025,6,3579,357.0,9.0
05/04/2025,7,6680,668.0,0.0
05/04/2025,8,1461,146.0,1.0
06/04/2025,1,1292,129.0,2.0
06/04/2025,2,7906,790.0,6.0
06/04/2025,3,4565,456.0,5.0
06/04/2025,4,4778,477.0,8.0
07/04/2025,1,1304,130.0,4.0
07/04/2025,2,2372,237.0,2.0
07/04/2025,3,5904,590.0,4.0
07/04/2025,4,3889,388.0,9.0
07/04/2025,5,3474,347.0,4.0
07/04/2025,6,1708,170.0,8.0
07/04/2025,7,7995,799.0,5.0
07/04/2025,8,1674,167.0,4.0
08/04/2025,1,4576,457.0,6.0
08/04/2025,2,1900,190.0,0.0
08/04/2025,3,5803,580.0,3.0
08/04/2025,4,7771,777.0,1.0
08/04/2025,5,3902,390.0,2.0
08/04/2025,6,3564,356.0,4.0
08/04/2025,7,1786,178.0,6.0
08/04/2025,8,4701,470.0,1.0
09/04/2025,1,1685,168.0,5.0
09/04/2025,2,4891,489.0,1.0
09/04/2025,3,2237,223.0,7.0
09/04/2025,4,1595,159.0,5.0
09/04/2025,5,6792,679.0,2.0
09/04/2025,6,8806,880.0,6.0
09/04/2025,7,2406,240.0,6.0
09/04/2025,8,4778,477.0,8.0
10/04/2025,1,7906,790.0,6.0
10/04/2025,2,2608,260.0,8.0
10/04/2025,3,1258,125.0,8.0
10/04/2025,4,1304,130.0,4.0
10/04/2025,5,5579,557.0,9.0
10/04/2025,6,3496,349.0,6.0
10/04/2025,7,2406,240.0,6.0
10/04/2025,8,4509,450.0,9.0
11/04/2025,1,2787,278.0,7.0
11/04/2025,2,1797,179.0,7.0
11/04/2025,3,6905,690.0,5.0
11/04/2025,4,9009,900.0,9.0
11/04/2025,5,1269,126.0,9.0
11/04/2025,6,7883,788.0,3.0
11/04/2025,7,5904,590.0,4.0
11/04/2025,8,6703,670.0,3.0
12/04/2025,1,1797,179.0,7.0
12/04/2025,2,4509,450.0,9.0
12/04/2025,3,1506,150.0,6.0
12/04/2025,4,4587,458.0,7.0
12/04/2025,5,2709,270.0,9.0
12/04/2025,6,3395,339.0,5.0
12/04/2025,7,6893,689.0,3.0
12/04/2025,8,3373,337.0,3.0
13/04/2025,1,4587,458.0,7.0
13/04/2025,2,2574,257.0,4.0
13/04/2025,3,1135,113.0,5.0
13/04/2025,4,5780,578.0,0.0
14/04/2025,1,5892,589.0,2.0
14/04/2025,2,6893,689.0,3.0
14/04/2025,3,4802,480.0,2.0
14/04/2025,4,1999,199.0,9.0
14/04/2025,5,7906,790.0,6.0
14/04/2025,6,1708,170.0,8.0
14/04/2025,7,4565,456.0,5.0
14/04/2025,8,2787,278.0,7.0
15/04/2025,1,4903,490.0,3.0
15/04/2025,2,1247,124.0,7.0
15/04/2025,3,4802,480.0,2.0
15/04/2025,4,3700,370.0,0.0
15/04/2025,5,5588,558.0,8.0
15/04/2025,6,4701,470.0,1.0
15/04/2025,7,2383,238.0,3.0
15/04/2025,8,9009,900.0,9.0
16/04/2025,1,6792,679.0,2.0
16/04/2025,2,5904,590.0,4.0
16/04/2025,3,3676,367.0,6.0
16/04/2025,4,1203,120.0,3.0
16/04/2025,5,2260,226.0,0.0
16/04/2025,6,4903,490.0,3.0
16/04/2025,7,1269,126.0,9.0
16/04/2025,8,5577,557.0,7.0
17/04/2025,1,1472,147.0,2.0
17/04/2025,2,7007,700.0,7.0
17/04/2025,3,1506,150.0,6.0
17/04/2025,4,2473,247.0,3.0
17/04/2025,5,1371,137.0,1.0
17/04/2025,6,2383,238.0,3.0
17/04/2025,7,6893,689.0,3.0
17/04/2025,8,6602,660.0,2.0
18/04/2025,1,1595,159.0,5.0
18/04/2025,2,2462,246.0,2.0
18/04/2025,3,1258,125.0,8.0
18/04/2025,4,4992,499.0,2.0
18/04/2025,5,5702,570.0,2.0
18/04/2025,6,3340,334.0,0.0
18/04/2025,7,5597,559.0,7.0
18/04/2025,8,5689,568.0,9.0
19/04/2025,1,4699,469.0,9.0
19/04/2025,2,4598,459.0,8.0
19/04/2025,3,3351,335.0,1.0
19/04/2025,4,2709,270.0,9.0
19/04/2025,5,3890,389.0,0.0
19/04/2025,6,6602,660.0,2.0
19/04/2025,7,7805,780.0,5.0
19/04/2025,8,1483,148.0,3.0
20/04/2025,1,3902,390.0,2.0
20/04/2025,2,5689,568.0,9.0
20/04/2025,3,1809,180.0,9.0
20/04/2025,4,8895,889.0,5.0
21/04/2025,1,2349,234.0,9.0
21/04/2025,2,3665,366.0,5.0
21/04/2025,3,1607,160.0,7.0
21/04/2025,4,1450,145.0,0.0
21/04/2025,5,8806,880.0,6.0
21/04/2025,6,3902,390.0,2.0
21/04/2025,7,4598,459.0,8.0
21/04/2025,8,3586,358.0,6.0
22/04/2025,1,8907,890.0,7.0
22/04/2025,2,2383,238.0,3.0
22/04/2025,3,1674,167.0,4.0
22/04/2025,4,6882,688.0,2.0
22/04/2025,5,2798,279.0,8.0
22/04/2025,6,3575,357.0,5.0
22/04/2025,7,1270,127.0,0.0
22/04/2025,8,1247,124.0,7.0
23/04/2025,1,2361,236.0,1.0
23/04/2025,2,1292,129.0,2.0
23/04/2025,3,1360,136.0,0.0
23/04/2025,4,4565,456.0,5.0
23/04/2025,5,6792,679.0,2.0
23/04/2025,6,1663,166.0,3.0
23/04/2025,7,2372,237.0,2.0
23/04/2025,8,3340,334.0,0.0
24/04/2025,1,2709,270.0,9.0
24/04/2025,2,8907,890.0,7.0
24/04/2025,3,4464,446.0,4.0
24/04/2025,4,2495,249.0,5.0
24/04/2025,5,1472,147.0,2.0
24/04/2025,6,1708,170.0,8.0
24/04/2025,7,5601,560.0,1.0
24/04/2025,8,2798,279.0,8.0
25/04/2025,1,4789,478.0,9.0
25/04/2025,2,3463,346.0,3.0
25/04/2025,3,2787,278.0,7.0
25/04/2025,4,36877,368.0,7.0
25/04/2025,5,1562,156.0,2.0
25/04/2025,6,8996,899.0,6.0
25/04/2025,7,4802,480.0,2.0
25/04/2025,8,4587,458.0,7.0
26/04/2025,1,1461,146.0,1.0
26/04/2025,2,1573,157.0,3.0
26/04/2025,3,4802,480.0,2.0
26/04/2025,4,5702,570.0,2.0
26/04/2025,5,4576,457.0,6.0
26/04/2025,6,6781,678.0,1.0
26/04/2025,7,1135,113.0,5.0
26/04/2025,8,3665,366.0,5.0
27/04/2025,1,3474,347.0,4.0
27/04/2025,2,1562,156.0,2.0
27/04/2025,3,1359,135.0,9.0
27/04/2025,4,4677,467.0,7.0
28/04/2025,1,6792,679.0,2.0
28/04/2025,2,1247,124.0,7.0
28/04/2025,3,1674,167.0,4.0
28/04/2025,4,2697,269.0,7.0
28/04/2025,5,5892,589.0,2.0
28/04/2025,6,5601,560.0,1.0
28/04/2025,7,2608,260.0,8.0
28/04/2025,8,4554,455.0,4.0
29/04/2025,1,3597,359.0,7.0
29/04/2025,2,2608,260.0,8.0
29/04/2025,3,5005,500.0,5.0
29/04/2025,4,4598,459.0,8.0
29/04/2025,5,1708,170.0,8.0
29/04/2025,6,4004,400.0,4.0
29/04/2025,7,1483,148.0,3.0
29/04/2025,8,5599,559.0,9.0
30/04/2025,1,6905,690.0,5.0
30/04/2025,2,3496,349.0,6.0
30/04/2025,3,2305,230.0,5.0
30/04/2025,4,1809,180.0,9.0
30/04/2025,5,2462,246.0,2.0
30/04/2025,6,5881,588.0,1.0
30/04/2025,7,1281,128.0,1.0
30/04/2025,8,1304,130.0,4.0
01/05/2025,1,5678,567.0,8.0
01/05/2025,2,2697,269.0,7.0
01/05/2025,3,1001,100.0,1.0
01/05/2025,4,1581,158.0,1.0
01/05/2025,5,7906,790.0,6.0
01/05/2025,6,2349,234.0,9.0
01/05/2025,7,1359,135.0,9.0
01/05/2025,8,6602,660.0,2.0
02/05/2025,1,4802,480.0,2.0
02/05/2025,2,1809,180.0,9.0
02/05/2025,3,2697,269.0,7.0
02/05/2025,4,3991,399.0,1.0
02/05/2025,5,4509,450.0,9.0
02/05/2025,6,8907,890.0,7.0
02/05/2025,7,2260,226.0,0.0
02/05/2025,8,4565,456.0,5.0
03/05/2025,1,7805,780.0,5.0
03/05/2025,2,2406,240.0,6.0
03/05/2025,3,5678,567.0,8.0
03/05/2025,4,4453,445.0,3.0
03/05/2025,5,4587,458.0,7.0
03/05/2025,6,2899,289.0,9.0
03/05/2025,7,2697,269.0,7.0
03/05/2025,8,4699,469.0,9.0
04/05/2025,1,2697,269.0,7.0
04/05/2025,2,4790,479.0,0.0
04/05/2025,3,2787,278.0,7.0
04/05/2025,4,6691,669.0,1.0
05/05/2025,1,1348,134.0,8.0
05/05/2025,2,2473,247.0,3.0
05/05/2025,3,1472,147.0,2.0
05/05/2025,4,1382,138.0,2.0
05/05/2025,5,3351,335.0,1.0
05/05/2025,6,5791,579.0,1.0
05/05/2025,7,5667,566.0,7.0
05/05/2025,8,2383,238.0,3.0
06/05/2025,1,1809,180.0,9.0
06/05/2025,2,4778,477.0,8.0
06/05/2025,3,1898,189.0,8.0
06/05/2025,4,5500,550.0,0.0
06/05/2025,5,3586,358.0,6.0
06/05/2025,6,1258,125.0,8.0
06/05/2025,7,5780,578.0,0.0
06/05/2025,8,3700,370.0,0.0
07/05/2025,1,1238,123.0,8.0
07/05/2025,2,3564,356.0,4.0
07/05/2025,3,5678,567.0,8.0
07/05/2025,4,4598,459.0,8.0
07/05/2025,5,2406,240.0,6.0
07/05/2025,6,1337,133.0,7.0
07/05/2025,7,4699,469.0,9.0
07/05/2025,8,3586,358.0,6.0
08/05/2025,1,3902,390.0,2.0
08/05/2025,2,1270,127.0,0.0
08/05/2025,3,3700,370.0,0.0
08/05/2025,4,1685,168.0,5.0
08/05/2025,5,2664,266.0,4.0
08/05/2025,6,1809,180.0,9.0
08/05/2025,7,2585,258.0,5.0
08/05/2025,8,2787,278.0,7.0
09/05/2025,1,2608,260.0,8.0
09/05/2025,2,3801,380.0,1.0
09/05/2025,3,2350,235.0,0.0
09/05/2025,4,1708,170.0,8.0
09/05/2025,5,3890,389.0,0.0
09/05/2025,6,7793,779.0,3.0
09/05/2025,7,4701,470.0,1.0
09/05/2025,8,6000,600.0,0.0
10/05/2025,1,2350,235.0,0.0
10/05/2025,2,1809,180.0,9.0
10/05/2025,3,1461,146.0,1.0
10/05/2025,4,3788,378.0,8.0
10/05/2025,5,4464,446.0,4.0
10/05/2025,6,3890,389.0,0.0
10/05/2025,7,5500,550.0,0.0
10/05/2025,8,2901,290.0,1.0
11/05/2025,1,6670,667.0,0.0
11/05/2025,2,1304,130.0,4.0
11/05/2025,3,1269,126.0,9.0
11/05/2025,4,2686,268.0,6.0
12/05/2025,1,1001,100.0,1.0
12/05/2025,2,3575,357.0,5.0
12/05/2025,3,2888,288.0,8.0
12/05/2025,4,8907,890.0,7.0
12/05/2025,5,1382,138.0,2.0
12/05/2025,6,2697,269.0,7.0
12/05/2025,7,4701,470.0,1.0
12/05/2025,8,5702,570.0,2.0
13/05/2025,1,5780,578.0,0.0
13/05/2025,2,1494,149.0,4.0
13/05/2025,3,4992,499.0,2.0
13/05/2025,4,4576,457.0,6.0
13/05/2025,5,5601,560.0,1.0
13/05/2025,6,2709,270.0,9.0
13/05/2025,7,5678,567.0,8.0
13/05/2025,8,3441,344.0,1.0
14/05/2025,1,2899,289.0,9.0
14/05/2025,2,2675,267.0,5.0
14/05/2025,3,1900,190.0,0.0
14/05/2025,4,1797,179.0,7.0
14/05/2025,5,5678,567.0,8.0
14/05/2025,6,1258,125.0,8.0
14/05/2025,7,4600,460.0,0.0
14/05/2025,8,6905,690.0,5.0
15/05/2025,1,1281,128.0,1.0
15/05/2025,2,1203,120.0,3.0
15/05/2025,3,2349,234.0,9.0
15/05/2025,4,6994,699.0,4.0
15/05/2025,5,2372,237.0,2.0
15/05/2025,6,3687,368.0,7.0
15/05/2025,7,3597,359.0,7.0
15/05/2025,8,6770,677.0,0.0
16/05/2025,1,4701,470.0,1.0
16/05/2025,2,3890,389.0,0.0
16/05/2025,3,1359,135.0,9.0
16/05/2025,4,2899,289.0,9.0
16/05/2025,5,1450,145.0,0.0
16/05/2025,6,2664,266.0,4.0
16/05/2025,7,1292,129.0,2.0
16/05/2025,8,5881,588.0,1.0
17/05/2025,1,8907,890.0,7.0
17/05/2025,2,2484,248.0,4.0
17/05/2025,3,1483,148.0,3.0
17/05/2025,4,1685,168.0,5.0
17/05/2025,5,3496,349.0,6.0
17/05/2025,6,2462,246.0,2.0
17/05/2025,7,2305,230.0,5.0
17/05/2025,8,5689,568.0,9.0
18/05/2025,1,1292,129.0,2.0
18/05/2025,2,3890,389.0,0.0
18/05/2025,3,1573,157.0,3.0
18/05/2025,4,3687,368.0,7.0
19/05/2025,1,2460,246.0,0.0
19/05/2025,2,1607,160.0,7.0
19/05/2025,3,2901,290.0,1.0
19/05/2025,4,5599,559.0,9.0
19/05/2025,5,1506,150.0,6.0
19/05/2025,6,8907,890.0,7.0
19/05/2025,7,4486,448.0,6.0
19/05/2025,8,1270,127.0,0.0
20/05/2025,1,2608,260.0,8.0
20/05/2025,2,2495,249.0,5.0
20/05/2025,3,4699,469.0,9.0
20/05/2025,4,1247,124.0,7.0
20/05/2025,5,4587,458.0,7.0
20/05/2025,6,3003,300.0,3.0
20/05/2025,7,2563,256.0,3.0
20/05/2025,8,1887,188.0,7.0
21/05/2025,1,2787,278.0,7.0
21/05/2025,2,1113,111.0,3.0
21/05/2025,3,3687,368.0,7.0
21/05/2025,4,1797,179.0,7.0
21/05/2025,5,5702,570.0,2.0
21/05/2025,6,1809,180.0,9.0
21/05/2025,7,2248,224.0,8.0
21/05/2025,8,3463,346.0,3.0
22/05/2025,1,3676,367.0,6.0
22/05/2025,2,7906,790.0,6.0
22/05/2025,3,2787,278.0,7.0
22/05/2025,4,4408,440.0,8.0
22/05/2025,5,2574,257.0,4.0
22/05/2025,6,5803,580.0,3.0
22/05/2025,7,2596,259.0,6.0
22/05/2025,8,2686,268.0,6.0
23/05/2025,1,1809,180.0,9.0
23/05/2025,2,2305,230.0,5.0
23/05/2025,3,1393,139.0,3.0
23/05/2025,4,6691,669.0,1.0
23/05/2025,5,6905,690.0,5.0
23/05/2025,6,2372,237.0,2.0
23/05/2025,7,1292,129.0,2.0
23/05/2025,8,4688,468.0,8.0
24/05/2025,1,4598,459.0,8.0
24/05/2025,2,1247,124.0,7.0
24/05/2025,3,4790,479.0,0.0
24/05/2025,4,2697,269.0,7.0
24/05/2025,5,1371,137.0,1.0
24/05/2025,6,3902,390.0,2.0
24/05/2025,7,2507,250.0,7.0
24/05/2025,8,2440,244.0,0.0
25/05/2025,1,3801,380.0,1.0
25/05/2025,2,8907,890.0,7.0
25/05/2025,3,4453,445.0,3.0
25/05/2025,4,1258,125.0,8.0
01/06/2025,1,7805,780.0,5.0
01/06/2025,2,1786,178.0,6.0
01/06/2025,3,1382,138.0,2.0
01/06/2025,4,5791,579.0,1.0
02/06/2025,1,3799,379.0,9.0
02/06/2025,2,4789,478.0,9.0
02/06/2025,3,1900,190.0,0.0
02/06/2025,4,2372,237.0,2.0
02/06/2025,5,1269,126.0,9.0
02/06/2025,6,2248,224.0,8.0
02/06/2025,7,4509,450.0,9.0
02/06/2025,8,5555,555.0,5.0
03/06/2025,1,1461,146.0,1.0
03/06/2025,2,4565,456.0,5.0
03/06/2025,3,7883,788.0,3.0
03/06/2025,4,3890,389.0,0.0
03/06/2025,5,5904,590.0,4.0
03/06/2025,6,1898,189.0,8.0
03/06/2025,7,4677,467.0,7.0
03/06/2025,8,2237,223.0,7.0
04/06/2025,1,1281,128.0,1.0
04/06/2025,2,2787,278.0,7.0
04/06/2025,3,1696,169.0,6.0
04/06/2025,4,4509,450.0,9.0
04/06/2025,5,6770,677.0,0.0
04/06/2025,6,7805,780.0,5.0
04/06/2025,7,8806,880.0,6.0
04/06/2025,8,2484,248.0,4.0
05/06/2025,1,5599,559.0,9.0
05/06/2025,2,4587,458.0,7.0
05/06/2025,3,2776,277.0,6.0
05/06/2025,4,1281,128.0,1.0
05/06/2025,5,4509,450.0,9.0
05/06/2025,6,1382,138.0,2.0
05/06/2025,7,2349,234.0,9.0
05/06/2025,8,2507,250.0,7.0
06/06/2025,1,4576,457.0,6.0
06/06/2025,2,2305,230.0,5.0
06/06/2025,3,2451,245.0,1.0
06/06/2025,4,1203,120.0,3.0
06/06/2025,5,5588,558.0,8.0
06/06/2025,6,2507,250.0,7.0
06/06/2025,7,7906,790.0,6.0
06/06/2025,8,3991,399.0,1.0
08/06/2025,1,4903,490.0,3.0
08/06/2025,2,2394,239.0,4.0
08/06/2025,3,4576,457.0,6.0
08/06/2025,4,1900,190.0,0.0
09/06/2025,1,3452,345.0,2.0
09/06/2025,2,2305,230.0,5.0
09/06/2025,3,4701,470.0,1.0
09/06/2025,4,2495,249.0,5.0
09/06/2025,5,7883,788.0,3.0
09/06/2025,6,4789,478.0,9.0
09/06/2025,7,5566,556.0,6.0
09/06/2025,8,4598,459.0,8.0
10/06/2025,1,5690,569.0,0.0
10/06/2025,2,5892,589.0,2.0
10/06/2025,3,2675,267.0,5.0
10/06/2025,4,1494,149.0,4.0
10/06/2025,5,1371,137.0,1.0
10/06/2025,6,2394,239.0,4.0
10/06/2025,7,3463,346.0,3.0
10/06/2025,8,1292,129.0,2.0
11/06/2025,1,3586,358.0,6.0
11/06/2025,2,2596,259.0,6.0
11/06/2025,3,4565,456.0,5.0
11/06/2025,4,1157,115.0,7.0
11/06/2025,5,4688,468.0,8.0
11/06/2025,6,2002,200.0,2.0
11/06/2025,7,3463,346.0,3.0
11/06/2025,8,1371,137.0,1.0
12/06/2025,1,4509,450.0,9.0
12/06/2025,2,2585,258.0,5.0
12/06/2025,3,1797,179.0,7.0
12/06/2025,4,1494,149.0,4.0
12/06/2025,5,5588,558.0,8.0
12/06/2025,6,3676,367.0,6.0
12/06/2025,7,4802,480.0,2.0
12/06/2025,8,3496,349.0,6.0
13/06/2025,1,1472,147.0,2.0
13/06/2025,2,5500,550.0,0.0
13/06/2025,3,6781,678.0,1.0
13/06/2025,4,5702,570.0,2.0
13/06/2025,5,3496,349.0,6.0
13/06/2025,6,3597,359.0,7.0
13/06/2025,7,4666,466.0,6.0
13/06/2025,8,2585,258.0,5.0
14/06/2025,1,2462,246.0,2.0
14/06/2025,2,6691,669.0,1.0
14/06/2025,3,1584,158.0,4.0
14/06/2025,4,1562,156.0,2.0
14/06/2025,5,3564,356.0,4.0
14/06/2025,6,2585,258.0,5.0
14/06/2025,7,5500,550.0,0.0
14/06/2025,8,6804,680.0,4.0
15/06/2025,1,1797,179.0,7.0
15/06/2025,2,4408,440.0,8.0
15/06/2025,3,2901,290.0,1.0
15/06/2025,4,3889,388.0,9.0
16/06/2025,1,1359,135.0,9.0
16/06/2025,2,4598,459.0,8.0
16/06/2025,3,5803,580.0,3.0
16/06/2025,4,3463,346.0,3.0
16/06/2025,5,1001,100.0,1.0
16/06/2025,6,2901,290.0,1.0
16/06/2025,7,8996,899.0,6.0
16/06/2025,8,3676,367.0,6.0
17/06/2025,1,1292,129.0,2.0
17/06/2025,2,3698,369.0,8.0
17/06/2025,3,5577,557.0,7.0
17/06/2025,4,2697,269.0,7.0
17/06/2025,5,7883,788.0,3.0
17/06/2025,6,4587,458.0,7.0
17/06/2025,7,1258,125.0,8.0
17/06/2025,8,6703,670.0,3.0
18/06/2025,1,7906,790.0,6.0
18/06/2025,2,4598,459.0,8.0
18/06/2025,3,1393,139.0,3.0
18/06/2025,4,3586,358.0,6.0
18/06/2025,5,5702,570.0,2.0
18/06/2025,6,3777,377.0,7.0
18/06/2025,7,1348,134.0,8.0
18/06/2025,8,5904,590.0,4.0
19/06/2025,1,1304,130.0,4.0
19/06/2025,2,1573,157.0,3.0
19/06/2025,3,4790,479.0,0.0
19/06/2025,4,2237,223.0,7.0
19/06/2025,5,2686,268.0,6.0
19/06/2025,6,6893,689.0,3.0
19/06/2025,7,5791,579.0,1.0
19/06/2025,8,1258,125.0,8.0
20/06/2025,1,2473,247.0,3.0
20/06/2025,2,4408,440.0,8.0
20/06/2025,3,2305,230.0,5.0
20/06/2025,4,6882,688.0,2.0
20/06/2025,5,4600,460.0,0.0
20/06/2025,6,2608,260.0,8.0
20/06/2025,7,1472,147.0,2.0
20/06/2025,8,1786,178.0,6.0
21/06/2025,1,1258,125.0,8.0
21/06/2025,2,6893,689.0,3.0
21/06/2025,3,2473,247.0,3.0
21/06/2025,4,2495,249.0,5.0
21/06/2025,5,1146,114.0,6.0
21/06/2025,6,4789,478.0,9.0
21/06/2025,7,3889,388.0,9.0
21/06/2025,8,2462,246.0,2.0
22/06/2025,1,3508,350.0,8.0
22/06/2025,2,1562,156.0,2.0
22/06/2025,3,1674,167.0,4.0
22/06/2025,4,2259,225.0,9.0
23/06/2025,1,5566,556.0,6.0
23/06/2025,2,1708,170.0,8.0
23/06/2025,3,2798,279.0,8.0
23/06/2025,4,3340,334.0,0.0
23/06/2025,5,5892,589.0,2.0
23/06/2025,6,1359,135.0,9.0
23/06/2025,7,1696,169.0,6.0
23/06/2025,8,3801,380.0,1.0
24/06/2025,1,2596,259.0,6.0
24/06/2025,2,1393,139.0,3.0
24/06/2025,3,1506,150.0,6.0
24/06/2025,4,4903,490.0,3.0
24/06/2025,5,6781,678.0,1.0
24/06/2025,6,5555,555.0,5.0
24/06/2025,7,2800,280.0,0.0
24/06/2025,8,4666,466.0,6.0
25/06/2025,1,1494,149.0,4.0
25/06/2025,2,3687,368.0,7.0
25/06/2025,3,6602,660.0,2.0
25/06/2025,4,4789,478.0,9.0
25/06/2025,5,3801,380.0,1.0
25/06/2025,6,2709,270.0,9.0
25/06/2025,7,3799,379.0,9.0
25/06/2025,8,7007,700.0,7.0
26/06/2025,1,3496,349.0,6.0
26/06/2025,2,1595,159.0,5.0
26/06/2025,3,8008,800.0,8.0
26/06/2025,4,2495,249.0,5.0
26/06/2025,5,3485,348.0,5.0
26/06/2025,6,5599,559.0,9.0
26/06/2025,7,1258,125.0,8.0
26/06/2025,8,4699,469.0,9.0
27/06/2025,1,4903,490.0,3.0
27/06/2025,2,3801,380.0,1.0
27/06/2025,3,1371,137.0,1.0
27/06/2025,4,5667,566.0,7.0
27/06/2025,5,2787,278.0,7.0
27/06/2025,6,6006,600.0,6.0
27/06/2025,7,1674,167.0,4.0
27/06/2025,8,1494,149.0,4.0
28/06/2025,1,2787,278.0,7.0
28/06/2025,2,1359,135.0,9.0
28/06/2025,3,1203,120.0,3.0
28/06/2025,4,2596,259.0,6.0
28/06/2025,5,3340,334.0,0.0
28/06/2025,6,2901,290.0,1.0
28/06/2025,7,1674,167.0,4.0
28/06/2025,8,3508,350.0,8.0
29/06/2025,1,2473,247.0,3.0
29/06/2025,2,1494,149.0,4.0
29/06/2025,3,1393,139.0,3.0
29/06/2025,4,5678,567.0,8.0
30/06/2025,1,7894,789.0,4.0
30/06/2025,2,5500,550.0,0.0
30/06/2025,3,2383,238.0,3.0
30/06/2025,4,6893,689.0,3.0
30/06/2025,5,4486,448.0,6.0
30/06/2025,6,1685,168.0,5.0
30/06/2025,7,1304,130.0,4.0
30/06/2025,8,5904,590.0,4.0
01/07/2025,1,3801,380.0,1.0
01/07/2025,2,5690,569.0,0.0
01/07/2025,3,1786,178.0,6.0
01/07/2025,4,2585,258.0,5.0
01/07/2025,5,2574,257.0,4.0
01/07/2025,6,1258,125.0,8.0
01/07/2025,7,5993,599.0,3.0
01/07/2025,8,1281,128.0,1.0
02/07/2025,1,2350,235.0,0.0
02/07/2025,2,8907,890.0,7.0
02/07/2025,3,1168,116.0,8.0
02/07/2025,4,5791,579.0,1.0
02/07/2025,5,2372,237.0,2.0
02/07/2025,6,3902,390.0,2.0
02/07/2025,7,1674,167.0,4.0
02/07/2025,8,5779,577.0,9.0
03/07/2025,1,3474,347.0,4.0
03/07/2025,2,3496,349.0,6.0
03/07/2025,3,2675,267.0,5.0
03/07/2025,4,5690,569.0,0.0
03/07/2025,5,1270,127.0,0.0
03/07/2025,6,1360,136.0,0.0
03/07/2025,7,7805,780.0,5.0
03/07/2025,8,1663,166.0,3.0
04/07/2025,1,1304,130.0,4.0
04/07/2025,2,6680,668.0,0.0
04/07/2025,3,2608,260.0,8.0
04/07/2025,4,2495,249.0,5.0
04/07/2025,5,1236,123.0,6.0
04/07/2025,6,6804,680.0,4.0
04/07/2025,7,3496,349.0,6.0
04/07/2025,8,6770,677.0,0.0
05/07/2025,1,3676,367.0,6.0
05/07/2025,2,1494,149.0,4.0
05/07/2025,3,1898,189.0,8.0
05/07/2025,4,7704,770.0,4.0
05/07/2025,5,2800,280.0,0.0
05/07/2025,6,2473,247.0,3.0
05/07/2025,7,9908,990.0,8.0
05/07/2025,8,3508,350.0,8.0
06/07/2025,1,4880,488.0,0.0
06/07/2025,2,6905,690.0,5.0
06/07/2025,3,2507,250.0,7.0
06/07/2025,4,3340,334.0,0.0
07/07/2025,1,1304,130.0,4.0
07/07/2025,2,3597,359.0,7.0
07/07/2025,3,5904,590.0,4.0
07/07/2025,4,5702,570.0,2.0
07/07/2025,5,2338,233.0,8.0
07/07/2025,6,2709,270.0,9.0
07/07/2025,7,1203,120.0,3.0
07/07/2025,8,4576,457.0,6.0
08/07/2025,1,2800,280.0,0.0
08/07/2025,2,6792,679.0,2.0
08/07/2025,3,3496,349.0,6.0
08/07/2025,4,1304,130.0,4.0
08/07/2025,5,3351,335.0,1.0
08/07/2025,6,1674,167.0,4.0
08/07/2025,7,4891,489.0,1.0
08/07/2025,8,3474,347.0,4.0
09/07/2025,1,7805,780.0,5.0
09/07/2025,2,2394,239.0,4.0
09/07/2025,3,3788,378.0,8.0
09/07/2025,4,2697,269.0,7.0
09/07/2025,5,1551,155.0,1.0
09/07/2025,6,1483,148.0,3.0
09/07/2025,7,4464,446.0,4.0
09/07/2025,8,3496,349.0,6.0
10/07/2025,1,3700,370.0,0.0
10/07/2025,2,6792,679.0,2.0
10/07/2025,3,4600,460.0,0.0
10/07/2025,4,5588,558.0,8.0
10/07/2025,5,1562,156.0,2.0
10/07/2025,6,1405,140.0,5.0
10/07/2025,7,2664,266.0,4.0
10/07/2025,8,5791,579.0,1.0
11/07/2025,1,4688,468.0,8.0
11/07/2025,2,1786,178.0,6.0
11/07/2025,3,1270,127.0,0.0
11/07/2025,4,6994,699.0,4.0
11/07/2025,5,2451,245.0,1.0
11/07/2025,6,3799,379.0,9.0
11/07/2025,7,3586,358.0,6.0
11/07/2025,8,6680,668.0,0.0
12/07/2025,1,4887,488.0,7.0
12/07/2025,2,3890,389.0,0.0
12/07/2025,3,2462,246.0,2.0
12/07/2025,4,1270,127.0,0.0
12/07/2025,5,5791,579.0,1.0
12/07/2025,6,9009,900.0,9.0
12/07/2025,7,2350,235.0,0.0
12/07/2025,8,1247,124.0,7.0
13/07/2025,1,1405,140.0,5.0
13/07/2025,2,5566,556.0,6.0
13/07/2025,3,1607,160.0,7.0
13/07/2025,4,2574,257.0,4.0
14/07/2025,1,1382,138.0,2.0
14/07/2025,2,4880,488.0,0.0
14/07/2025,3,4903,490.0,3.0
14/07/2025,4,3609,360.0,9.0
14/07/2025,5,4509,450.0,9.0
14/07/2025,6,5892,589.0,2.0
14/07/2025,7,1191,119.0,1.0
14/07/2025,8,1359,135.0,9.0
15/07/2025,1,2350,235.0,0.0
15/07/2025,2,1203,120.0,3.0
15/07/2025,3,3788,378.0,8.0
15/07/2025,4,6994,699.0,4.0
15/07/2025,5,5892,589.0,2.0
15/07/2025,6,2372,237.0,2.0
15/07/2025,7,8806,880.0,6.0
15/07/2025,8,4587,458.0,7.0
16/07/2025,1,6893,689.0,3.0
16/07/2025,2,4699,469.0,9.0
16/07/2025,3,5678,567.0,8.0
16/07/2025,4,3698,369.0,8.0
16/07/2025,5,2473,247.0,3.0
16/07/2025,6,2204,220.0,4.0
16/07/2025,7,7906,790.0,6.0
16/07/2025,8,3687,368.0,7.0
17/07/2025,1,5791,579.0,1.0
17/07/2025,2,2484,248.0,4.0
17/07/2025,3,5690,569.0,0.0
17/07/2025,4,2798,279.0,8.0
17/07/2025,5,4688,468.0,8.0
17/07/2025,6,7782,778.0,2.0
17/07/2025,7,1360,136.0,0.0
17/07/2025,8,3474,347.0,4.0
18/07/2025,1,1708,170.0,8.0
18/07/2025,2,6804,680.0,4.0
18/07/2025,3,6893,689.0,3.0
18/07/2025,4,3575,357.0,5.0
18/07/2025,5,2462,246.0,2.0
18/07/2025,6,1393,139.0,3.0
18/07/2025,7,4453,445.0,3.0
18/07/2025,8,1483,148.0,3.0
19/07/2025,1,4509,450.0,9.0
19/07/2025,2,1281,128.0,1.0
19/07/2025,3,2686,268.0,6.0
19/07/2025,4,5601,560.0,1.0
19/07/2025,5,2361,236.0,1.0
19/07/2025,6,3890,389.0,0.0
19/07/2025,7,4688,468.0,8.0
19/07/2025,8,2800,280.0,0.0
20/07/2025,1,5689,568.0,9.0
20/07/2025,2,3676,367.0,6.0
20/07/2025,3,1551,155.0,1.0
20/07/2025,4,1898,189.0,8.0
21/07/2025,1,5601,560.0,1.0
21/07/2025,2,7894,789.0,4.0
21/07/2025,3,1494,149.0,4.0
21/07/2025,4,7883,788.0,3.0
21/07/2025,5,5690,569.0,0.0
21/07/2025,6,2484,248.0,4.0
21/07/2025,7,3362,336.0,2.0
21/07/2025,8,3799,379.0,9.0
22/07/2025,1,5892,589.0,2.0
22/07/2025,2,3597,359.0,7.0
22/07/2025,3,4453,445.0,3.0
22/07/2025,4,3564,356.0,4.0
22/07/2025,5,1786,178.0,6.0
22/07/2025,6,1898,189.0,8.0
22/07/2025,7,2473,247.0,3.0
22/07/2025,8,7782,778.0,2.0
23/07/2025,1,2484,248.0,4.0
23/07/2025,2,1685,168.0,5.0
23/07/2025,3,5667,566.0,7.0
23/07/2025,4,4699,469.0,9.0
23/07/2025,5,1360,136.0,0.0
23/07/2025,6,5791,579.0,1.0
23/07/2025,7,4790,479.0,0.0
23/07/2025,8,3306,330.0,6.0
24/07/2025,1,1461,146.0,1.0
24/07/2025,2,7894,789.0,4.0
24/07/2025,3,4587,458.0,7.0
24/07/2025,4,3799,379.0,9.0
24/07/2025,5,2709,270.0,9.0
24/07/2025,6,6882,688.0,2.0
24/07/2025,7,2507,250.0,7.0
24/07/2025,8,7771,777.0,1.0
25/07/2025,1,1898,189.0,8.0
25/07/2025,2,5791,579.0,1.0
25/07/2025,3,2709,270.0,9.0
25/07/2025,4,4903,490.0,3.0
25/07/2025,5,3485,348.0,5.0
25/07/2025,6,3474,347.0,4.0
25/07/2025,7,2596,259.0,6.0
25/07/2025,8,6691,669.0,1.0
26/07/2025,1,3902,390.0,2.0
26/07/2025,2,2608,260.0,8.0
26/07/2025,3,2349,234.0,9.0
26/07/2025,4,6781,678.0,1.0
26/07/2025,5,1146,114.0,6.0
26/07/2025,6,3586,358.0,6.0
26/07/2025,7,5566,556.0,6.0
26/07/2025,8,2798,279.0,8.0
27/07/2025,1,1562,156.0,2.0
27/07/2025,2,2484,248.0,4.0
27/07/2025,3,3351,335.0,1.0
27/07/2025,4,5803,580.0,3.0
28/07/2025,1,3665,366.0,5.0
28/07/2025,2,6893,689.0,3.0
28/07/2025,3,2271,227.0,1.0
28/07/2025,4,5803,580.0,3.0
28/07/2025,5,4891,489.0,1.0
28/07/2025,6,2686,268.0,6.0
28/07/2025,7,5892,589.0,2.0
28/07/2025,8,4676,467.0,6.0
29/07/2025,1,3788,378.0,8.0
29/07/2025,2,4789,478.0,9.0
29/07/2025,3,1225,122.0,5.0
29/07/2025,4,5689,568.0,9.0
29/07/2025,5,3474,347.0,4.0
29/07/2025,6,1898,189.0,8.0
29/07/2025,7,2552,255.0,2.0
29/07/2025,8,4891,489.0,1.0
30/07/2025,1,1371,137.0,1.0
30/07/2025,2,4699,469.0,9.0
30/07/2025,3,2394,239.0,4.0
30/07/2025,4,1269,126.0,9.0
30/07/2025,5,3698,369.0,8.0
30/07/2025,6,7894,789.0,4.0
30/07/2025,7,5678,567.0,8.0
30/07/2025,8,6792,679.0,2.0
31/07/2025,1,2787,278.0,7.0
31/07/2025,2,3306,330.0,6.0
31/07/2025,3,1584,158.0,4.0
31/07/2025,4,1708,170.0,8.0
31/07/2025,5,2563,256.0,3.0
31/07/2025,6,5599,559.0,9.0
31/07/2025,7,6792,679.0,2.0
31/07/2025,8,2675,267.0,5.0
01/08/2025,1,1292,129.0,2.0
01/08/2025,2,4701,470.0,1.0
01/08/2025,3,3665,366.0,5.0
01/08/2025,4,4789,478.0,9.0
01/08/2025,5,2901,290.0,1.0
01/08/2025,6,3788,378.0,8.0
01/08/2025,7,2349,234.0,9.0
01/08/2025,8,1382,138.0,2.0
02/08/2025,1,1360,136.0,0.0
02/08/2025,2,2406,240.0,6.0
02/08/2025,3,2349,234.0,9.0
02/08/2025,4,3496,349.0,6.0
02/08/2025,5,2506,250.0,6.0
02/08/2025,6,4464,446.0,4.0
02/08/2025,7,4903,490.0,3.0
02/08/2025,8,6804,680.0,4.0
03/08/2025,1,4576,457.0,6.0
03/08/2025,2,2800,280.0,0.0
03/08/2025,3,1348,134.0,8.0
03/08/2025,4,5892,589.0,2.0
04/08/2025,1,1393,139.0,3.0
04/08/2025,2,2350,235.0,0.0
04/08/2025,3,5690,569.0,0.0
04/08/2025,4,7782,778.0,2.0
04/08/2025,5,1506,150.0,6.0
04/08/2025,6,5892,589.0,2.0
04/08/2025,7,7007,700.0,7.0
04/08/2025,8,2787,278.0,7.0
05/08/2025,1,3339,333.0,9.0
05/08/2025,2,1584,158.0,4.0
05/08/2025,3,3485,348.0,5.0
05/08/2025,4,1371,137.0,1.0
05/08/2025,5,2350,235.0,0.0
05/08/2025,6,8806,880.0,6.0
05/08/2025,7,2394,239.0,4.0
05/08/2025,8,1472,147.0,2.0
06/08/2025,1,5601,560.0,1.0
06/08/2025,2,2709,270.0,9.0
06/08/2025,3,2675,267.0,5.0
06/08/2025,4,4903,490.0,3.0
06/08/2025,5,1337,133.0,7.0
06/08/2025,6,1696,169.0,6.0
06/08/2025,7,4688,468.0,8.0
06/08/2025,8,3597,359.0,7.0
07/08/2025,1,1797,179.0,7.0
07/08/2025,2,4475,447.0,5.0
07/08/2025,3,3700,370.0,0.0
07/08/2025,4,2608,260.0,8.0
07/08/2025,5,1898,189.0,8.0
07/08/2025,6,4992,499.0,2.0
07/08/2025,7,3407,340.0,7.0
07/08/2025,8,7805,780.0,5.0
08/08/2025,1,3676,367.0,6.0
08/08/2025,2,1382,138.0,2.0
08/08/2025,3,2709,270.0,9.0
08/08/2025,4,4699,469.0,9.0
08/08/2025,5,2293,229.0,3.0
08/08/2025,6,3407,340.0,7.0
08/08/2025,7,1483,148.0,3.0
08/08/2025,8,4600,460.0,0.0
10/08/2025,1,3609,360.0,9.0
10/08/2025,2,6905,690.0,5.0
10/08/2025,3,2888,288.0,8.0
10/08/2025,4,1191,119.0,1.0
11/08/2025,1,1506,150.0,6.0
11/08/2025,2,4677,467.0,7.0
11/08/2025,3,67792,677.0,9.0
11/08/2025,4,5690,569.0,0.0
11/08/2025,5,1775,177.0,5.0
11/08/2025,6,6905,690.0,5.0
11/08/2025,7,3452,345.0,2.0
11/08/2025,8,7995,799.0,5.0
12/08/2025,1,3586,358.0,6.0
12/08/2025,2,1247,124.0,7.0
12/08/2025,3,6882,688.0,2.0
12/08/2025,4,5690,569.0,0.0
12/08/2025,5,2394,239.0,4.0
12/08/2025,6,2507,250.0,7.0
12/08/2025,7,3801,380.0,1.0
12/08/2025,8,2563,256.0,3.0
13/08/2025,1,2585,258.0,5.0
13/08/2025,2,1696,169.0,6.0
13/08/2025,3,1360,136.0,0.0
13/08/2025,4,6703,670.0,3.0
13/08/2025,5,7906,790.0,6.0
13/08/2025,6,2697,269.0,7.0
13/08/2025,7,7894,789.0,4.0
13/08/2025,8,4565,456.0,5.0
14/08/2025,1,2709,270.0,9.0
14/08/2025,2,4554,455.0,4.0
14/08/2025,3,2507,250.0,7.0
14/08/2025,4,5689,568.0,9.0
14/08/2025,5,3788,378.0,8.0
14/08/2025,6,3902,390.0,2.0
14/08/2025,7,7805,780.0,5.0
14/08/2025,8,4565,456.0,5.0
16/08/2025,1,6703,670.0,3.0
16/08/2025,2,2361,236.0,1.0
16/08/2025,3,3902,390.0,2.0
16/08/2025,4,5702,570.0,2.0
16/08/2025,5,4464,446.0,4.0
16/08/2025,6,3474,347.0,4.0
16/08/2025,7,2990,299.0,0.0
16/08/2025,8,6804,680.0,4.0
17/08/2025,1,1573,157.0,3.0
17/08/2025,2,1270,127.0,0.0
17/08/2025,3,4790,479.0,0.0
17/08/2025,4,3799,379.0,9.0
18/08/2025,1,2350,235.0,0.0
18/08/2025,2,4509,450.0,9.0
18/08/2025,3,2484,248.0,4.0
18/08/2025,4,3362,336.0,2.0
18/08/2025,5,1483,148.0,3.0
18/08/2025,6,6770,677.0,0.0
18/08/2025,7,3788,378.0,8.0
18/08/2025,8,5599,559.0,9.0
19/08/2025,1,2473,247.0,3.0
19/08/2025,2,1269,126.0,9.0
19/08/2025,3,4677,467.0,7.0
19/08/2025,4,2787,278.0,7.0
19/08/2025,5,1562,156.0,2.0
19/08/2025,6,2462,246.0,2.0
19/08/2025,7,6792,679.0,2.0
19/08/2025,8,4004,400.0,4.0
20/08/2025,1,2675,267.0,5.0
20/08/2025,2,5881,588.0,1.0
20/08/2025,3,5904,590.0,4.0
20/08/2025,4,4701,470.0,1.0
20/08/2025,5,4699,469.0,9.0
20/08/2025,6,1304,130.0,4.0
20/08/2025,7,3553,355.0,3.0
20/08/2025,8,4789,478.0,9.0
21/08/2025,1,3609,360.0,9.0
21/08/2025,2,1360,136.0,0.0
21/08/2025,3,4677,467.0,7.0
21/08/2025,4,4587,458.0,7.0
21/08/2025,5,3991,399.0,1.0
21/08/2025,6,2675,267.0,5.0
21/08/2025,7,1247,124.0,7.0
21/08/2025,8,2697,269.0,7.0
22/08/2025,1,3575,357.0,5.0
22/08/2025,2,1786,178.0,6.0
22/08/2025,3,4688,468.0,8.0
22/08/2025,4,7805,780.0,5.0
22/08/2025,5,2507,250.0,7.0
22/08/2025,6,2798,279.0,8.0
22/08/2025,7,1573,157.0,3.0
22/08/2025,8,3407,340.0,7.0
23/08/2025,1,1269,126.0,9.0
23/08/2025,2,8895,889.0,5.0
23/08/2025,3,6804,680.0,4.0
23/08/2025,4,3575,357.0,5.0
23/08/2025,5,2596,259.0,6.0
23/08/2025,6,3609,360.0,9.0
23/08/2025,7,2899,289.0,9.0
23/08/2025,8,2002,200.0,2.0
24/08/2025,1,4688,468.0,8.0
24/08/2025,2,3676,367.0,6.0
24/08/2025,3,2361,236.0,1.0
24/08/2025,4,3801,380.0,1.0
25/08/2025,1,1124,112.0,4.0
25/08/2025,2,2800,280.0,0.0
25/08/2025,3,2798,279.0,8.0
25/08/2025,4,6602,660.0,2.0
25/08/2025,5,1247,124.0,7.0
25/08/2025,6,2495,249.0,5.0
25/08/2025,7,3407,340.0,7.0
25/08/2025,8,1348,134.0,8.0
26/08/2025,1,1607,160.0,7.0
26/08/2025,2,3700,370.0,0.0
26/08/2025,3,3485,348.0,5.0
26/08/2025,4,5599,559.0,9.0
26/08/2025,5,8907,890.0,7.0
26/08/2025,6,4903,490.0,3.0
26/08/2025,7,4688,468.0,8.0
26/08/2025,8,5881,588.0,1.0
27/08/2025,1,1382,138.0,2.0
27/08/2025,2,1685,168.0,5.0
27/08/2025,3,4600,460.0,0.0
27/08/2025,4,2350,235.0,0.0
27/08/2025,5,3665,366.0,5.0
27/08/2025,6,3597,359.0,7.0
27/08/2025,7,2349,234.0,9.0
27/08/2025,8,4677,467.0,7.0
28/08/2025,1,2495,249.0,5.0
28/08/2025,2,4903,490.0,3.0
28/08/2025,3,1696,169.0,6.0
28/08/2025,4,3362,336.0,2.0
28/08/2025,5,1461,146.0,1.0
28/08/2025,6,3890,389.0,0.0
28/08/2025,7,1685,168.0,5.0
28/08/2025,8,4688,468.0,8.0
29/08/2025,1,2305,230.0,5.0
29/08/2025,2,3463,346.0,3.0
29/08/2025,3,4587,458.0,7.0
29/08/2025,4,1562,156.0,2.0
29/08/2025,5,3485,348.0,5.0
29/08/2025,6,7704,770.0,4.0
29/08/2025,7,3788,378.0,8.0
29/08/2025,8,4701,470.0,1.0
30/08/2025,1,5702,570.0,2.0
30/08/2025,2,1270,127.0,0.0
30/08/2025,3,4497,449.0,7.0
30/08/2025,4,3676,367.0,6.0
30/08/2025,5,1472,147.0,2.0
30/08/2025,6,2888,288.0,8.0
30/08/2025,7,2495,249.0,5.0
30/08/2025,8,1371,137.0,1.0
31/08/2025,1,4701,470.0,1.0
31/08/2025,2,1506,150.0,6.0
31/08/2025,3,1786,178.0,6.0
31/08/2025,4,2350,235.0,0.0
01/09/2025,1,1203,120,3
01/09/2025,2,6703,670,3
01/09/2025,3,3698,369,8
01/09/2025,4,3788,378,8
01/09/2025,5,1281,128,1
01/09/2025,6,7894,789,4
01/09/2025,7,2495,249,5
01/09/2025,8,2484,248,4
02/09/2025,1,4903,490,3
02/09/2025,2,1461,146,1
02/09/2025,3,3463,346,3
02/09/2025,4,8895,889,5
02/09/2025,5,2800,280,0
02/09/2025,6,5803,580,3
02/09/2025,7,3575,357,5
02/09/2025,8,1157,115,7
03/09/2025,1,1900,190,0
03/09/2025,2,2563,256,3
03/09/2025,3,3799,379,9
03/09/2025,4,3700,370,0
03/09/2025,5,6006,600,6
03/09/2025,6,6792,679,2
03/09/2025,7,2709,270,9
03/09/2025,8,1573,157,3
04/09/2025,1,2507,250,7
04/09/2025,2,4789,478,9
04/09/2025,3,5555,555,5
04/09/2025,4,3788,378,8
04/09/2025,5,1359,135,9
04/09/2025,6,6703,670,3
04/09/2025,7,3496,349,6
04/09/2025,8,2383,238,3
05/09/2025,1,1900,190,0
05/09/2025,2,2709,270,9
05/09/2025,3,4475,447,5
05/09/2025,4,1685,168,5
05/09/2025,5,5667,566,7
05/09/2025,6,2675,267,5
05/09/2025,7,2394,239,4
05/09/2025,8,7995,799,5
06/09/2025,1,2585,258,5
06/09/2025,2,4699,469,9
06/09/2025,3,2361,236,1
06/09/2025,4,1359,135,9
06/09/2025,5,3777,377,7
06/09/2025,6,1461,146,1
06/09/2025,7,1203,120,3
06/09/2025,8,3687,368,7
07/09/2025,1,7704,770,4
07/09/2025,2,3609,360,9
07/09/2025,3,3902,390,2
07/09/2025,4,2709,270,9
08/09/2025,1,1292,129,2
08/09/2025,2,1483,148,3
08/09/2025,3,2709,270,9
08/09/2025,4,4497,449,7
08/09/2025,5,2798,279,8
08/09/2025,6,2901,290,1
08/09/2025,7,1595,159,5
08/09/2025,8,4576,457,6
09/09/2025,1,5500,550,0
09/09/2025,2,5702,570,2
09/09/2025,3,6893,689,3
09/09/2025,4,1506,150,6
09/09/2025,5,1359,135,9
09/09/2025,6,4903,490,3
09/09/2025,7,4598,459,8
09/09/2025,8,1562,156,2
10/09/2025,1,5779,577,9
10/09/2025,2,4677,467,7
10/09/2025,3,2507,250,7
10/09/2025,4,3991,399,1
10/09/2025,5,3586,358,6
10/09/2025,6,7894,789,4
10/09/2025,7,6770,677,0
10/09/2025,8,4789,478,9
11/09/2025,1,1573,157,3
11/09/2025,2,2798,279,8
11/09/2025,3,4677,467,7
11/09/2025,4,1900,190,0
11/09/2025,5,2473,247,3
11/09/2025,6,1203,120,3
11/09/2025,7,3665,366,5
11/09/2025,8,2406,240,6
12/09/2025,1,7883,788,3
12/09/2025,2,1562,156,2
12/09/2025,3,2484,248,4
12/09/2025,4,3564,356,4
12/09/2025,5,4666,466,6
12/09/2025,6,3485,348,5
12/09/2025,7,1607,160,7
12/09/2025,8,5667,566,7
13/09/2025,1,4587,458,7
13/09/2025,2,5892,589,2
13/09/2025,3,3452,345,2
13/09/2025,4,5005,500,5
13/09/2025,5,1797,179,7
13/09/2025,6,5993,599,3
13/09/2025,7,1360,136,0
13/09/2025,8,1382,138,2
14/09/2025,1,2259,225,9
14/09/2025,2,2495,249,5
14/09/2025,3,5892,589,2
14/09/2025,4,1584,158,4
15/09/2025,1,3991,399,1
15/09/2025,2,2406,240,6
15/09/2025,3,1708,170,8
15/09/2025,4,6882,688,2
15/09/2025,5,3902,390,2
15/09/2025,6,4453,445,3
15/09/2025,7,1562,156,2
15/09/2025,8,1483,148,3
16/09/2025,1,7894,789,4
16/09/2025,2,6691,669,1
16/09/2025,3,3474,347,4
16/09/2025,4,5779,577,9
16/09/2025,5,2563,256,3
16/09/2025,6,1708,170,8
16/09/2025,7,2350,235,0
16/09/2025,8,5702,570,2
17/09/2025,1,1562,156,2
17/09/2025,2,1304,130,4
17/09/2025,3,4475,447,5
17/09/2025,4,6770,677,0
17/09/2025,5,1371,137,1
17/09/2025,6,3441,344,1
17/09/2025,7,3890,389,0
17/09/2025,8,1359,135,9
18/09/2025,1,5881,588,1
18/09/2025,2,2563,256,3
18/09/2025,3,1281,128,1
18/09/2025,4,1584,158,4
18/09/2025,5,6703,670,3
18/09/2025,6,7782,778,2
18/09/2025,7,6792,679,2
18/09/2025,8,2574,257,4
19/09/2025,1,1270,127,0
19/09/2025,2,3474,347,4
19/09/2025,3,1483,148,3
19/09/2025,4,6691,669,1
19/09/2025,5,3609,360,9
19/09/2025,6,6703,670,3
19/09/2025,7,5689,568,9
19/09/2025,8,2675,267,5
20/09/2025,1,1191,119,1
20/09/2025,2,2462,246,2
20/09/2025,3,4891,489,1
20/09/2025,4,2259,225,9
20/09/2025,5,2350,235,0
20/09/2025,6,1607,160,7
20/09/2025,7,5588,558,8
20/09/2025,8,1472,147,2
21/09/2025,1,1775,177,5
21/09/2025,2,1382,138,2
21/09/2025,3,2686,268,6
21/09/2025,4,2473,247,3
22/09/2025,1,2305,230,5
22/09/2025,2,2574,257,4
22/09/2025,3,7793,779,3
22/09/2025,4,1348,134,8
22/09/2025,5,1506,150,6
22/09/2025,6,5678,567,8
22/09/2025,7,1461,146,1
22/09/2025,8,7771,777,1
23/09/2025,1,3564,356,4
23/09/2025,2,2271,227,1
23/09/2025,3,1371,137,1
23/09/2025,4,1360,136,0
23/09/2025,5,5667,566,7
23/09/2025,6,3609,360,9
23/09/2025,7,1809,180,9
23/09/2025,8,5892,589,2
24/09/2025,1,2798,279,8
24/09/2025,2,6792,679,2
24/09/2025,3,3564,356,4
24/09/2025,4,5005,500,5
24/09/2025,5,2574,257,4
24/09/2025,6,1371,137,1
24/09/2025,7,1472,147,2
24/09/2025,8,3306,330,6
25/09/2025,1,3597,359,7
25/09/2025,2,6006,600,6
25/09/2025,3,2608,260,8
25/09/2025,4,1551,155,1
25/09/2025,5,2585,258,5
25/09/2025,6,6804,680,4
25/09/2025,7,5904,590,4
25/09/2025,8,7782,778,2
26/09/2025,1,3700,370,0
26/09/2025,2,6781,678,1
26/09/2025,3,1236,123,6
26/09/2025,4,3890,389,0
26/09/2025,5,4600,460,0
26/09/2025,6,7704,770,4
26/09/2025,7,2462,246,2
26/09/2025,8,5601,560,1
27/09/2025,1,6792,679,2
27/09/2025,2,2394,239,4
27/09/2025,3,2383,238,3
27/09/2025,4,5702,570,2
27/09/2025,5,1258,125,8
27/09/2025,6,1562,156,2
27/09/2025,7,6679,667,9
27/09/2025,8,2585,258,5
28/09/2025,1,1348,134,8
28/09/2025,2,3597,359,7
28/09/2025,3,1393,139,3
28/09/2025,4,3463,346,3
29/09/2025,1,1450,145,0
29/09/2025,2,4688,468,8
29/09/2025,3,1269,126,9
29/09/2025,4,3306,330,6
29/09/2025,5,2305,230,5
29/09/2025,6,3485,348,5
29/09/2025,7,6804,680,4
29/09/2025,8,1449,144,9
03/10/2025,1,3700,370,0
03/10/2025,2,3687,368,7
03/10/2025,3,2697,269,7
03/10/2025,4,4790,479,0
03/10/2025,5,8008,800,8
03/10/2025,6,3485,348,5
03/10/2025,7,5678,567,8
03/10/2025,8,4453,445,3
04/10/2025,1,5780,578,0
04/10/2025,2,4701,470,1
04/10/2025,3,2507,250,7
04/10/2025,4,1281,128,1
04/10/2025,5,2248,224,8
04/10/2025,6,1685,168,5
04/10/2025,7,3441,344,1
04/10/2025,8,4688,468,8
05/10/2025,1,1595,159,5
05/10/2025,2,5588,558,8
05/10/2025,3,5601,560,1
05/10/2025,4,3698,369,8
06/10/2025,1,1371,137,1
06/10/2025,2,3575,357,5
06/10/2025,3,1292,129,2
06/10/2025,4,5667,566,7
06/10/2025,5,5803,580,3
06/10/2025,6,2608,260,8
06/10/2025,7,4699,469,9
06/10/2025,8,2237,223,7
07/10/2025,1,3564,356,4
07/10/2025,2,2675,267,5
07/10/2025,3,1146,114,6
07/10/2025,4,2394,239,4
07/10/2025,5,1360,136,0
07/10/2025,6,3890,389,0
07/10/2025,7,7805,780,5
07/10/2025,8,3777,377,7
08/10/2025,1,1281,128,1
08/10/2025,2,2596,259,6
08/10/2025,3,5689,568,9
08/10/2025,4,3553,355,3
08/10/2025,5,2899,289,9
08/10/2025,6,1797,179,7
08/10/2025,7,1359,135,9
08/10/2025,8,6893,689,3
09/10/2025,1,2361,236,1
09/10/2025,2,2686,268,6
09/10/2025,3,3665,366,5
09/10/2025,4,1371,137,1
09/10/2025,5,5599,559,9
09/10/2025,6,4701,470,1
09/10/2025,7,9908,990,8
09/10/2025,8,5892,589,2
10/10/2025,1,1281,128,1
10/10/2025,2,2798,279,8
10/10/2025,3,6680,668,0
10/10/2025,4,1797,179,7
10/10/2025,5,3575,357,5
10/10/2025,6,3564,356,4
10/10/2025,7,2473,247,3
10/10/2025,8,4880,488,0
11/10/2025,1,7805,780,5
11/10/2025,2,5791,579,1
11/10/2025,3,2440,244,0
11/10/2025,4,3452,345,2
11/10/2025,5,1887,188,7
11/10/2025,6,7894,789,4
11/10/2025,7,7906,790,6
11/10/2025,8,1359,135,9
12/10/2025,1,1270,127,0
12/10/2025,2,1494,149,4
12/10/2025,3,6602,660,2
12/10/2025,4,7906,790,6
13/10/2025,1,4880,488,0
13/10/2025,2,4701,470,1
13/10/2025,3,2305,230,5
13/10/2025,4,3700,370,0
13/10/2025,5,1146,114,6
13/10/2025,6,2350,235,0
13/10/2025,7,3801,380,1
13/10/2025,8,2552,255,2
14/10/2025,1,3407,340,7
14/10/2025,2,1708,170,8
14/10/2025,3,5904,590,4
14/10/2025,4,3597,359,7
14/10/2025,5,1191,119,1
14/10/2025,6,3452,345,2
14/10/2025,7,1685,168,5
14/10/2025,8,7995,799,5
15/10/2025,1,4598,459,8
15/10/2025,2,4600,460,0
15/10/2025,3,6602,660,2
15/10/2025,4,2901,290,1
15/10/2025,5,4677,467,7
15/10/2025,6,2361,236,1
15/10/2025,7,3003,300,3
15/10/2025,8,8907,890,7
16/10/2025,1,4554,455,4
16/10/2025,2,6893,689,3
16/10/2025,3,1168,116,8
16/10/2025,4,1483,148,3
16/10/2025,5,3609,360,9
16/10/2025,6,4790,479,0
16/10/2025,7,1900,190,0
16/10/2025,8,3687,368,7
17/10/2025,1,3586,358,6
17/10/2025,2,2901,290,1
17/10/2025,3,1663,166,3
17/10/2025,4,7805,780,5
17/10/2025,5,4497,449,7
17/10/2025,6,1900,190,0
17/10/2025,7,2305,230,5
17/10/2025,8,2495,249,5
24/10/2025,1,2248,224,8
24/10/2025,2,3575,357,5
24/10/2025,3,1472,147,2
24/10/2025,4,1562,156,2
24/10/2025,5,5993,599,3
24/10/2025,6,5689,568,9
24/10/2025,7,7805,780,5
24/10/2025,8,3788,378,8
25/10/2025,1,4453,445,3
25/10/2025,2,8907,890,7
25/10/2025,3,3676,367,6
25/10/2025,4,1506,150,6
25/10/2025,5,2507,250,7
25/10/2025,6,4475,447,5
25/10/2025,7,2361,236,1
25/10/2025,8,1450,145,0
26/10/2025,1,1348,134,8
26/10/2025,2,3890,389,0
26/10/2025,3,3609,360,9
26/10/2025,4,4992,499,2
27/10/2025,1,2394,239,4
27/10/2025,2,3788,378,8
27/10/2025,3,3586,358,6
27/10/2025,4,9908,990,8
27/10/2025,5,1124,112,4
27/10/2025,6,1236,123,6
27/10/2025,7,3665,366,5
27/10/2025,8,3889,388,9
28/10/2025,1,3609,360,9
28/10/2025,2,1236,123,6
28/10/2025,3,5577,557,7
28/10/2025,4,3407,340,7
28/10/2025,5,1506,150,6
28/10/2025,6,2248,224,8
28/10/2025,7,6804,680,4
28/10/2025,8,1797,179,7
29/10/2025,1,3687,368,7
29/10/2025,2,2305,230,5
29/10/2025,3,1304,130,4
29/10/2025,4,3698,369,8
29/10/2025,5,4598,459,8
29/10/2025,6,2282,228,2
29/10/2025,7,5678,567,8
29/10/2025,8,7704,770,4
30/10/2025,1,1348,134,8
30/10/2025,2,1674,167,4
30/10/2025,3,2237,223,7
30/10/2025,4,2798,279,8
30/10/2025,5,5678,567,8
30/10/2025,6,3676,367,6
30/10/2025,7,5904,590,4
30/10/2025,8,2349,234,9
31/10/2025,1,2305,230,5
31/10/2025,2,3452,345,2
31/10/2025,3,7805,780,5
31/10/2025,4,5690,569,0
31/10/2025,5,1292,129,2
31/10/2025,6,8806,880,6
31/10/2025,7,4891,489,1
31/10/2025,8,5599,559,9
01/11/2025,1,5702,570,2
01/11/2025,2,2798,279,8
01/11/2025,3,1146,114,6
01/11/2025,4,3902,390,2
01/11/2025,5,2349,234,9
01/11/2025,6,3799,379,9
01/11/2025,7,2596,259,6
01/11/2025,8,5500,550,0
02/11/2025,1,3485,348,5
02/11/2025,2,2563,256,3
02/11/2025,3,1595,159,5
02/11/2025,4,7007,700,7
03/11/2025,1,3788,378,8
03/11/2025,2,3597,359,7
03/11/2025,3,6006,600,6
03/11/2025,4,2394,239,4
03/11/2025,5,5702,570,2
03/11/2025,6,2596,259,6
03/11/2025,7,1337,133,7
03/11/2025,8,3902,390,2
04/11/2025,1,3452,345,2
04/11/2025,2,1258,125,8
04/11/2025,3,9009,900,9
04/11/2025,4,1483,148,3
04/11/2025,5,2798,279,8
04/11/2025,6,2383,238,3
04/11/2025,7,3441,344,1
04/11/2025,8,5993,599,3
05/11/2025,1,1382,138,2
05/11/2025,2,2271,227,1
05/11/2025,3,2608,260,8
05/11/2025,4,3676,367,6
05/11/2025,5,7704,770,4
05/11/2025,6,4509,450,9
05/11/2025,7,1562,156,2
05/11/2025,8,1472,147,2
06/11/2025,1,4699,469,9
06/11/2025,2,2507,250,7
06/11/2025,3,1708,170,8
06/11/2025,4,3452,345,2
06/11/2025,5,2372,237,2
06/11/2025,6,4802,480,2
06/11/2025,7,3698,369,8
06/11/2025,8,5678,567,8
07/11/2025,1,1562,156,2
07/11/2025,2,6994,699,4
07/11/2025,3,4587,458,7
07/11/2025,4,6804,680,4
07/11/2025,5,2484,248,4
07/11/2025,6,6680,668,0
07/11/2025,7,2675,267,5
07/11/2025,8,3902,390,2
08/11/2025,1,5678,567,8
08/11/2025,2,1900,190,0
08/11/2025,3,7883,788,3
08/11/2025,4,1708,170,8
08/11/2025,5,5601,560,1
08/11/2025,6,2664,266,4
08/11/2025,7,3586,358,6
08/11/2025,8,2675,267,5
09/11/2025,1,1483,148,3
09/11/2025,2,3902,390,2
09/11/2025,3,6804,680,4
09/11/2025,4,1584,158,4
10/11/2025,1,2697,269,7
10/11/2025,2,1472,147,2
10/11/2025,3,5904,590,4
10/11/2025,4,2338,233,8
10/11/2025,5,1258,125,8
10/11/2025,6,4587,458,7
10/11/2025,7,5566,556,6
10/11/2025,8,1607,160,7
11/11/2025,1,3991,399,1
11/11/2025,2,4587,458,7
11/11/2025,3,5702,570,2
11/11/2025,4,1483,148,3
11/11/2025,5,4699,469,9
11/11/2025,6,2305,230,5
11/11/2025,7,2798,279,8
11/11/2025,8,4000,400,0
12/11/2025,1,1506,150,6
12/11/2025,2,7995,799,5
12/11/2025,3,1708,170,8
12/11/2025,4,2349,234,9
12/11/2025,5,4880,488,0
12/11/2025,6,1494,149,4
12/11/2025,7,2372,237,2
12/11/2025,8,2451,245,1
13/11/2025,1,5904,590,4
13/11/2025,2,2608,260,8
13/11/2025,3,3889,388,9
13/11/2025,4,4509,450,9
13/11/2025,5,5690,569,0
13/11/2025,6,3698,369,8
13/11/2025,7,1135,113,5
13/11/2025,8,1584,158,4
14/11/2025,1,2451,245,1
14/11/2025,2,3407,340,7
14/11/2025,3,6679,667,9
14/11/2025,4,1371,137,1
14/11/2025,5,5892,589,2
14/11/2025,6,5601,560,1
14/11/2025,7,3609,360,9
14/11/2025,8,1124,112,4
15/11/2025,1,3698,369,8
15/11/2025,2,1797,179,7
15/11/2025,3,3508,350,8
15/11/2025,4,2675,267,5
15/11/2025,5,6792,679,2
15/11/2025,6,1472,147,2
15/11/2025,7,2305,230,5
15/11/2025,8,2473,247,3
16/11/2025,1,3902,390,2
16/11/2025,2,3485,348,5
16/11/2025,3,1551,155,1
16/11/2025,4,2787,278,7
17/11/2025,1,2899,289,9
17/11/2025,2,7894,789,4
17/11/2025,3,1203,120,3
17/11/2025,4,1494,149,4
17/11/2025,5,6680,668,0
17/11/2025,6,2451,245,1
17/11/2025,7,4790,479,0
17/11/2025,8,2798,279,8
18/11/2025,1,2901,290,1
18/11/2025,2,1562,156,2
18/11/2025,3,3801,380,1
18/11/2025,4,5892,589,2
18/11/2025,5,9908,990,8
18/11/2025,6,2596,259,6
18/11/2025,7,1898,189,8
18/11/2025,8,1113,111,3
19/11/2025,1,2349,234,9
19/11/2025,2,5690,569,0
19/11/2025,3,1900,190,0
19/11/2025,4,1247,124,7
19/11/2025,5,8008,800,8
19/11/2025,6,5702,570,2
19/11/2025,7,2484,248,4
19/11/2025,8,4666,466,6
20/11/2025,1,1483,148,3
20/11/2025,2,4598,459,8
20/11/2025,3,1258,125,8
20/11/2025,4,2271,227,1
20/11/2025,5,3687,368,7
20/11/2025,6,3407,340,7
20/11/2025,7,8895,889,5
20/11/2025,8,6905,690,5
21/11/2025,1,3452,345,2
21/11/2025,2,1663,166,3
21/11/2025,3,3700,370,0
21/11/2025,4,5803,580,3
21/11/2025,5,2462,246,2
21/11/2025,6,1001,100,1
21/11/2025,7,6905,690,5
21/11/2025,8,7883,788,3
22/11/2025,1,2675,267,5
22/11/2025,2,5667,566,7
22/11/2025,3,2507,250,7
22/11/2025,4,3384,338,4
22/11/2025,5,1584,158,4
22/11/2025,6,4992,499,2
22/11/2025,7,3564,356,4
22/11/2025,8,6679,667,9
23/11/2025,1,8907,890,7
23/11/2025,2,3609,360,9
23/11/2025,3,1674,167,4
23/11/2025,4,2394,239,4
24/11/2025,1,6792,679,2
24/11/2025,2,2899,289,9
24/11/2025,3,1382,138,2
24/11/2025,4,4004,400,4
24/11/2025,5,1292,129,2
24/11/2025,6,9997,999,7
24/11/2025,7,4587,458,7
24/11/2025,8,4903,490,3
25/11/2025,1,1281,128,1
25/11/2025,2,4509,450,9
25/11/2025,3,3508,350,8
25/11/2025,4,3485,348,5
25/11/2025,5,4464,446,4
25/11/2025,6,5881,588,1
25/11/2025,7,3698,369,8
25/11/2025,8,6804,680,4
26/11/2025,1,2709,270,9
26/11/2025,2,2697,269,7
26/11/2025,3,1281,128,1
26/11/2025,4,5690,569,0
26/11/2025,5,8008,800,8
26/11/2025,6,3496,349,6
26/11/2025,7,6680,668,0
26/11/2025,8,2495,249,5
27/11/2025,1,4600,460,0
27/11/2025,2,4802,480,2
27/11/2025,3,1292,129,2
27/11/2025,4,1573,157,3
27/11/2025,5,2800,280,0
27/11/2025,6,1191,119,1
27/11/2025,7,2901,290,1
27/11/2025,8,7704,770,4
28/11/2025,1,1304,130,4
28/11/2025,2,2349,234,9
28/11/2025,3,1236,123,6
28/11/2025,4,1674,167,4
28/11/2025,5,3777,377,7
28/11/2025,6,2394,239,4
28/11/2025,7,5588,558,8
28/11/2025,8,6792,679,2
29/11/2025,1,6905,690,5
29/11/2025,2,1472,147,2
29/11/2025,3,3351,335,1
29/11/2025,4,4699,469,9
29/11/2025,5,1674,167,4
29/11/2025,6,4600,460,0
29/11/2025,7,2709,270,9
29/11/2025,8,1887,188,7
30/11/2025,1,6804,680,4
30/11/2025,2,1595,159,5
30/11/2025,3,5791,579,1
30/11/2025,4,3452,345,2
01/12/2025,1,4677,467,7
01/12/2025,2,6804,680,4
01/12/2025,3,1472,147,2
01/12/2025,4,8907,890,7
01/12/2025,5,4802,480,2
01/12/2025,6,5779,577,9
01/12/2025,7,5803,580,3
01/12/2025,8,8907,890,7
02/12/2025,1,4789,478,9
02/12/2025,2,5803,580,3
02/12/2025,3,1708,170,8
02/12/2025,4,1348,134,8
02/12/2025,5,2899,289,9
02/12/2025,6,1001,100,1
02/12/2025,7,3496,349,6
02/12/2025,8,2305,230,5
03/12/2025,1,1359,135,9
03/12/2025,2,8907,890,7
03/12/2025,3,1483,148,3
03/12/2025,4,6804,680,4
03/12/2025,5,2451,245,1
03/12/2025,6,1461,146,1
03/12/2025,7,2361,236,1
03/12/2025,8,3687,368,7
04/12/2025,1,2787,278,7
04/12/2025,2,3890,389,0
04/12/2025,3,6691,669,1
04/12/2025,4,2484,248,4
04/12/2025,5,1898,189,8
04/12/2025,6,6703,670,3
04/12/2025,7,5599,559,9
04/12/2025,8,1708,170,8
05/12/2025,1,1797,179,7
05/12/2025,2,1461,146,1
05/12/2025,3,6679,667,9
05/12/2025,4,2798,279,8
05/12/2025,5,6703,670,3
05/12/2025,6,3687,368,7
05/12/2025,7,1371,137,1
05/12/2025,8,3508,350,8
06/12/2025,1,3586,358,6
06/12/2025,2,5690,569,0
06/12/2025,3,2675,267,5
06/12/2025,4,1999,199,9
06/12/2025,5,2596,259,6
06/12/2025,6,3463,346,3
06/12/2025,7,4004,400,4
06/12/2025,8,1203,120,3
07/12/2025,1,5678,567,8
07/12/2025,2,1607,160,7
07/12/2025,3,1360,136,0
07/12/2025,4,4677,467,7
08/12/2025,1,3508,350,8
08/12/2025,2,1304,130,4
08/12/2025,3,1786,178,6
08/12/2025,4,5689,568,9
08/12/2025,5,3441,344,1
08/12/2025,6,8907,890,7
08/12/2025,7,1494,149,4
08/12/2025,8,4453,445,3
09/12/2025,1,3698,369,8
09/12/2025,2,1371,137,1
09/12/2025,3,4666,466,6
09/12/2025,4,1360,136,0
09/12/2025,5,1472,147,2
09/12/2025,6,7782,778,2
09/12/2025,7,1382,138,2
09/12/2025,8,4790,479,0
10/12/2025,1,5678,567,8
10/12/2025,2,4598,459,8
10/12/2025,3,2282,228,2
10/12/2025,4,1360,136,0
10/12/2025,5,1584,158,4
10/12/2025,6,7793,779,3
10/12/2025,7,2507,250,7
10/12/2025,8,5005,500,5
11/12/2025,1,5702,570,2
11/12/2025,2,3788,378,8
11/12/2025,3,3496,349,6
11/12/2025,4,2293,229,3
11/12/2025,5,2675,267,5
11/12/2025,6,1270,127,0
11/12/2025,7,1304,130,4
11/12/2025,8,3485,348,5
12/12/2025,1,2451,245,1
12/12/2025,2,1360,136,0
12/12/2025,3,2361,236,1
12/12/2025,4,1595,159,5
12/12/2025,5,2800,280,0
12/12/2025,6,3373,337,3
12/12/2025,7,3339,333,9
12/12/2025,8,1258,125,8
13/12/2025,1,2574,257,4
13/12/2025,2,2383,238,3
13/12/2025,3,5904,590,4
13/12/2025,4,4666,466,6
13/12/2025,5,1797,179,7
13/12/2025,6,3597,359,7
13/12/2025,7,3463,346,3
13/12/2025,8,1595,159,5
14/12/2025,1,5702,570,2
14/12/2025,2,1573,157,3
14/12/2025,3,1258,125,8
14/12/2025,4,3553,355,3
15/12/2025,1,9997,999,7
15/12/2025,2,3564,356,4
15/12/2025,3,2574,257,4
15/12/2025,4,5993,599,3
15/12/2025,5,4903,490,3
15/12/2025,6,1449,144,9
15/12/2025,7,3609,360,9
15/12/2025,8,2901,290,1
16/12/2025,1,1359,135,9
16/12/2025,2,2709,270,9
16/12/2025,3,2697,269,7
16/12/2025,4,1270,127,0
16/12/2025,5,4666,466,6
16/12/2025,6,1595,159,5
16/12/2025,7,4509,450,9
16/12/2025,8,2585,258,5
17/12/2025,1,3698,369,8
17/12/2025,2,3463,346,3
17/12/2025,3,6679,667,9
17/12/2025,4,5892,589,2
17/12/2025,5,4587,458,7
17/12/2025,6,4802,480,2
17/12/2025,7,5791,579,1
17/12/2025,8,2664,266,4
18/12/2025,1,6804,680,4
18/12/2025,2,2585,258,5
18/12/2025,3,4789,478,9
18/12/2025,4,1584,158,4
18/12/2025,5,5892,589,2
18/12/2025,6,3799,379,9
18/12/2025,7,3441,344,1
18/12/2025,8,2697,269,7
19/12/2025,1,2495,249,5
19/12/2025,2,3799,379,9
19/12/2025,3,4677,467,7
19/12/2025,4,1124,112,4
19/12/2025,5,2350,235,0
19/12/2025,6,6804,680,4
19/12/2025,7,2394,239,4
19/12/2025,8,3889,388,9
20/12/2025,1,6703,670,3
20/12/2025,2,1685,168,5
20/12/2025,3,2901,290,1
20/12/2025,4,3508,350,8
20/12/2025,5,5599,559,9
20/12/2025,6,1472,147,2
20/12/2025,7,2574,257,4
20/12/2025,8,1405,140,5
21/12/2025,1,7906,790,6
21/12/2025,2,4891,489,1
21/12/2025,3,5588,558,8
21/12/2025,4,5690,569,0
22/12/2025,1,2574,257,4
22/12/2025,2,3799,379,9
22/12/2025,3,8907,890,7
22/12/2025,4,1258,125,8
22/12/2025,5,3586,358,6
22/12/2025,6,1348,134,8
22/12/2025,7,2271,227,1
22/12/2025,8,6792,679,2
23/12/2025,1,7894,789,4
23/12/2025,2,4576,457,6
23/12/2025,3,2473,247,3
23/12/2025,4,3362,336,2
23/12/2025,5,3485,348,5
23/12/2025,6,2675,267,5
23/12/2025,7,2394,239,4
23/12/2025,8,6680,668,0
24/12/2025,1,2901,290,1
24/12/2025,2,2675,267,5
24/12/2025,3,5904,590,4
24/12/2025,4,1179,117,9
24/12/2025,5,7805,780,5
24/12/2025,6,4677,467,7
24/12/2025,7,3665,366,5
24/12/2025,8,4587,458,7
25/12/2025,1,2686,268,6
25/12/2025,2,4699,469,9
25/12/2025,3,7704,770,4
25/12/2025,4,1809,180,9
25/12/2025,5,1461,146,1
25/12/2025,6,5667,566,7
25/12/2025,7,5904,590,4
25/12/2025,8,6994,699,4
26/12/2025,1,1607,160,7
26/12/2025,2,4701,470,1
26/12/2025,3,3586,358,6
26/12/2025,4,2585,258,5
26/12/2025,5,2394,239,4
26/12/2025,6,1269,126,9
26/12/2025,7,3485,348,5
26/12/2025,8,4699,469,9
27/12/2025,1,3890,389,0
27/12/2025,2,3463,346,3
27/12/2025,3,1696,169,6
27/12/2025,4,1203,120,3
27/12/2025,5,7007,700,7
27/12/2025,6,1573,157,3
27/12/2025,7,2800,280,0
27/12/2025,8,9009,900,9
28/12/2025,1,2563,256,3
28/12/2025,2,1371,137,1
28/12/2025,3,2709,270,9
28/12/2025,4,7995,799,5
29/12/2025,1,2585,258,5
29/12/2025,2,4802,480,2
29/12/2025,3,3462,346,2
29/12/2025,4,4598,459,8
29/12/2025,5,5667,566,7
29/12/2025,6,3586,358,6
29/12/2025,7,3564,356,4
29/12/2025,8,1708,170,8
30/12/2025,1,2451,245,1
30/12/2025,2,1472,147,2
30/12/2025,3,4600,460,0
30/12/2025,4,1258,125,8
30/12/2025,5,2350,235,0
30/12/2025,6,6994,699,4
30/12/2025,7,3452,345,2
30/12/2025,8,5005,500,5
31/12/2025,1,5690,569,0
31/12/2025,2,5791,579,1
31/12/2025,3,3586,358,6
31/12/2025,4,1247,124,7
31/12/2025,5,4576,457,6
31/12/2025,6,3597,359,7
31/12/2025,7,1113,111,3
31/12/2025,8,4688,468,8
01/01/2026,1,1900,190,0
01/01/2026,2,4587,458,7
01/01/2026,3,3508,350,8
01/01/2026,4,2776,277,6
01/01/2026,5,3801,380,1
01/01/2026,6,2406,240,6
01/01/2026,7,5566,556,6
01/01/2026,8,1348,134,8
02/01/2026,1,1708,170,8
02/01/2026,2,4600,460,0
02/01/2026,3,5780,578,0
02/01/2026,4,2372,237,2
02/01/2026,5,1236,123,6
02/01/2026,6,3384,338,4
02/01/2026,7,2473,247,3
02/01/2026,8,4486,448,6
03/01/2026,1,3407,340,7
03/01/2026,2,2798,279,8
03/01/2026,3,4565,456,5
03/01/2026,4,8907,890,7
03/01/2026,5,3890,389,0
03/01/2026,6,2372,237,2
03/01/2026,7,1371,137,1
03/01/2026,8,1168,116,8
04/01/2026,1,3698,369,8
04/01/2026,2,2686,268,6
04/01/2026,3,1483,148,3
04/01/2026,4,2451,245,1
05/01/2026,1,1584,158,4
05/01/2026,2,5780,578,0
05/01/2026,3,1292,129,2
05/01/2026,4,3485,348,5
05/01/2026,5,2271,227,1
05/01/2026,6,5690,569,0
05/01/2026,7,3687,368,7
05/01/2026,8,4497,449,7
06/01/2026,1,6703,670,3
06/01/2026,2,1898,189,8
06/01/2026,3,3698,369,8
06/01/2026,4,5005,500,5
06/01/2026,5,3496,349,6
06/01/2026,6,4576,457,6
06/01/2026,7,6905,690,5
06/01/2026,8,3586,358,6
07/01/2026,1,7805,780,5
07/01/2026,2,1304,130,4
07/01/2026,3,3575,357,5
07/01/2026,4,3463,346,3
07/01/2026,5,2888,288,8
07/01/2026,6,6703,670,3
07/01/2026,7,1258,125,8
07/01/2026,8,4688,468,8
08/01/2026,1,2675,267,5
08/01/2026,2,5599,559,9
08/01/2026,3,1708,170,8
08/01/2026,4,1898,189,8
08/01/2026,5,2800,280,0
08/01/2026,6,2899,289,9
08/01/2026,7,7007,700,7
08/01/2026,8,3553,355,3
09/01/2026,1,3407,340,7
09/01/2026,2,6792,679,2
09/01/2026,3,1461,146,1
09/01/2026,4,2798,279,8
09/01/2026,5,8806,880,6
09/01/2026,6,4701,470,1
09/01/2026,7,3384,338,4
09/01/2026,8,2574,257,4
10/01/2026,1,1708,170,8
10/01/2026,2,2697,269,7
10/01/2026,3,3902,390,2
10/01/2026,4,3687,368,7
10/01/2026,5,2473,247,3
10/01/2026,6,6703,670,3
10/01/2026,7,3407,340,7
10/01/2026,8,4666,466,6
11/01/2026,1,4598,459,8
11/01/2026,2,1247,124,7
11/01/2026,3,3485,348,5
11/01/2026,4,5993,599,3
12/01/2026,1,7007,700,7
12/01/2026,2,1405,140,5
12/01/2026,3,3463,346,3
12/01/2026,4,2697,269,7
12/01/2026,5,5803,580,3
12/01/2026,6,3496,349,6
12/01/2026,7,6691,669,1
12/01/2026,8,1809,180,9
13/01/2026,1,2608,260,8
13/01/2026,2,1584,158,4
13/01/2026,3,7771,777,1
13/01/2026,4,6905,690,5
13/01/2026,5,1607,160,7
13/01/2026,6,1292,129,2
13/01/2026,7,7894,789,4
13/01/2026,8,4802,480,2
14/01/2026,1,1900,190,0
14/01/2026,2,1786,178,6
14/01/2026,3,4891,489,1
14/01/2026,4,5780,578,0
14/01/2026,5,7906,790,6
14/01/2026,6,2675,267,5
14/01/2026,7,2406,240,6
14/01/2026,8,4554,455,4
15/01/2026,1,2361,236,1
15/01/2026,2,4688,468,8
15/01/2026,3,1292,129,2
15/01/2026,4,8996,899,6
15/01/2026,5,3474,347,4
15/01/2026,6,1595,159,5
15/01/2026,7,3003,300,3
15/01/2026,8,1382,138,2
16/01/2026,1,3609,360,9
16/01/2026,2,5780,578,0
16/01/2026,3,7782,778,2
16/01/2026,4,1708,170,8
16/01/2026,5,3890,389,0
16/01/2026,6,1607,160,7
16/01/2026,7,2406,240,6
16/01/2026,8,6882,688,2
17/01/2026,1,2563,256,3
17/01/2026,2,3700,370,0
17/01/2026,3,6905,690,5
17/01/2026,4,5689,568,9
17/01/2026,5,6804,680,4
17/01/2026,6,1584,158,4
17/01/2026,7,4677,467,7
17/01/2026,8,1483,148,3
18/01/2026,1,5588,558,8
18/01/2026,2,3452,345,2
18/01/2026,3,4903,490,3
18/01/2026,4,1674,167,4
19/01/2026,1,7894,789,4
19/01/2026,2,3890,389,0
19/01/2026,3,2608,260,8
19/01/2026,4,3463,346,3
19/01/2026,5,6680,668,0
19/01/2026,6,2406,240,6
19/01/2026,7,5690,569,0
19/01/2026,8,6781,678,1
20/01/2026,1,6893,689,3
20/01/2026,2,2394,239,4
20/01/2026,3,1371,137,1
20/01/2026,4,7782,778,2
20/01/2026,5,4891,489,1
20/01/2026,6,1281,128,1
20/01/2026,7,2563,256,3
20/01/2026,8,1225,122,5
21/01/2026,1,5791,579,1
21/01/2026,2,1595,159,5
21/01/2026,3,1360,136,0
21/01/2026,4,2237,223,7
21/01/2026,5,4598,459,8
21/01/2026,6,2798,279,8
21/01/2026,7,2484,248,4
21/01/2026,8,3351,335,1
22/01/2026,1,2563,256,3
22/01/2026,2,5601,560,1
22/01/2026,3,1450,145,0
22/01/2026,4,8895,889,5
22/01/2026,5,1360,136,0
22/01/2026,6,6679,667,9
22/01/2026,7,4598,459,8
22/01/2026,8,2406,240,6
23/01/2026,1,4891,489,1
23/01/2026,2,2305,230,5
23/01/2026,3,5803,580,3
23/01/2026,4,4789,478,9
23/01/2026,5,3496,349,6
23/01/2026,6,2552,255,2
23/01/2026,7,1450,145,0
23/01/2026,8,4677,467,7
24/01/2026,1,2451,245,1
24/01/2026,2,1607,160,7
24/01/2026,3,1203,120,3
24/01/2026,4,4677,467,7
24/01/2026,5,4802,480,2
24/01/2026,6,2901,290,1
24/01/2026,7,6882,688,2
24/01/2026,8,1506,150,6
25/01/2026,1,5780,578,0
25/01/2026,2,2495,249,5
25/01/2026,3,1809,180,9
25/01/2026,4,3991,399,1
27/01/2026,1,1203,120,3
27/01/2026,2,1405,140,5
27/01/2026,3,3586,358,6
27/01/2026,4,5690,569,0
27/01/2026,5,1483,148,3
27/01/2026,6,6905,690,5
27/01/2026,7,2383,238,3
27/01/2026,8,3902,390,2
28/01/2026,1,1506,150,6
28/01/2026,2,4789,478,9
28/01/2026,3,2787,278,7
28/01/2026,4,5601,560,1
28/01/2026,5,1483,148,3
28/01/2026,6,2394,239,4
28/01/2026,7,6770,677,0
28/01/2026,8,3902,390,2
29/01/2026,1,3801,380,1
29/01/2026,2,1461,146,1
29/01/2026,3,9009,900,9
29/01/2026,4,1797,179,7
29/01/2026,5,1595,159,5
29/01/2026,6,4701,470,1
29/01/2026,7,4778,477,8
29/01/2026,8,9908,990,8
30/01/2026,1,5690,569,0
30/01/2026,2,3597,359,7
30/01/2026,3,3564,356,4
30/01/2026,4,2787,278,7
30/01/2026,5,7793,779,3
30/01/2026,6,2608,260,8
30/01/2026,7,1584,158,4
30/01/2026,8,6893,689,3
31/01/2026,1,1258,125,8
31/01/2026,2,4903,490,3
31/01/2026,3,2899,289,9
31/01/2026,4,3698,369,8
31/01/2026,5,1304,130,4
31/01/2026,6,2608,260,8
31/01/2026,7,7894,789,4
31/01/2026,8,3676,367,6
01/02/2026,1,2899,289,9
01/02/2026,2,1203,120,3
01/02/2026,3,3777,377,7
01/02/2026,4,7906,790,6
02/02/2026,1,1179,117,9
02/02/2026,2,6680,668,0
02/02/2026,3,3452,345,2
02/02/2026,4,3609,360,9
02/02/2026,5,5993,599,3
02/02/2026,6,4903,490,3
02/02/2026,7,6691,669,1
02/02/2026,8,2495,249,5
03/02/2026,1,1696,169,6
03/02/2026,2,3485,348,5
03/02/2026,3,4688,468,8
03/02/2026,4,1247,124,7
03/02/2026,5,1900,190,0
03/02/2026,6,2800,280,0
03/02/2026,7,4598,459,8
03/02/2026,8,3351,335,1
04/02/2026,1,4802,480,2
04/02/2026,2,1450,145,0
04/02/2026,3,3564,356,4
04/02/2026,4,4600,460,0
04/02/2026,5,2383,238,3
04/02/2026,6,2608,260,8
04/02/2026,7,3407,340,7
04/02/2026,8,3485,348,5
05/02/2026,1,1797,179,7
05/02/2026,2,2350,235,0
05/02/2026,3,1360,136,0
05/02/2026,4,5702,570,2
05/02/2026,5,8806,880,6
05/02/2026,6,1371,137,1
05/02/2026,7,3890,389,0
05/02/2026,8,3452,345,2
06/02/2026,1,3687,368,7
06/02/2026,2,4598,459,8
06/02/2026,3,2899,289,9
06/02/2026,4,6602,660,2
06/02/2026,5,2451,245,1
06/02/2026,6,7805,780,5
06/02/2026,7,3676,367,6
06/02/2026,8,1001,100,1
07/02/2026,1,4789,478,9
07/02/2026,2,1348,134,8
07/02/2026,3,3788,378,8
07/02/2026,4,7906,790,6
07/02/2026,5,2608,260,8
07/02/2026,6,5780,578,0
07/02/2026,7,1685,168,5
07/02/2026,8,3698,369,8
08/02/2026,1,5601,560,1
08/02/2026,2,1709,170,9
08/02/2026,3,1359,135,9
08/02/2026,4,4666,466,6
09/02/2026,1,1382,138,2
09/02/2026,2,4677,467,7
09/02/2026,3,2484,248,4
09/02/2026,4,1494,149,4
09/02/2026,5,3597,359,7
09/02/2026,6,6905,690,5
09/02/2026,7,3340,334,0
09/02/2026,8,7805,780,5
10/02/2026,1,1898,189,8
10/02/2026,2,3452,345,2
10/02/2026,3,4688,468,8
10/02/2026,4,5601,560,1
10/02/2026,5,2462,246,2
10/02/2026,6,1450,145,0
10/02/2026,7,8907,890,7
10/02/2026,8,6792,679,2
11/02/2026,1,4587,458,7
11/02/2026,2,5601,560,1
11/02/2026,3,1348,134,8
11/02/2026,4,2372,237,2
11/02/2026,5,6804,680,4
11/02/2026,6,3788,378,8
11/02/2026,7,1258,125,8
11/02/2026,8,6882,688,2
12/02/2026,1,1483,148,3
12/02/2026,2,4699,469,9
12/02/2026,3,4802,480,2
12/02/2026,4,3665,366,5
12/02/2026,5,1898,189,8
12/02/2026,6,1360,136,0
12/02/2026,7,2473,247,3
12/02/2026,8,2271,227,1
13/02/2026,1,5678,567,8
13/02/2026,2,4790,479,0
13/02/2026,3,3575,357,5
13/02/2026,4,1696,169,6
13/02/2026,5,6893,689,3
13/02/2026,6,2305,230,5
13/02/2026,7,4565,456,5
13/02/2026,8,3452,345,2
14/02/2026,1,5678,567,8
14/02/2026,2,7704,770,4
14/02/2026,3,4576,457,6
14/02/2026,4,2406,240,6
14/02/2026,5,1494,149,4
14/02/2026,6,3395,339,5
14/02/2026,7,3575,357,5
14/02/2026,8,2686,268,6
15/02/2026,1,2507,250,7
15/02/2026,2,3788,378,8
15/02/2026,3,1461,146,1
15/02/2026,4,1494,149,4
16/02/2026,1,4891,489,1
16/02/2026,2,6792,679,2
16/02/2026,3,7007,700,7
16/02/2026,4,1304,130,4
16/02/2026,5,2248,224,8
16/02/2026,6,4789,478,9
16/02/2026,7,5779,577,9
16/02/2026,8,2383,238,3
17/02/2026,1,5690,569,0
17/02/2026,2,5780,578,0
17/02/2026,3,2495,249,5
17/02/2026,4,6893,689,3
17/02/2026,5,5702,570,2
17/02/2026,6,3463,346,3
17/02/2026,7,1506,150,6
17/02/2026,8,4880,488,0
18/02/2026,1,3597,359,7
18/02/2026,2,1797,179,7
18/02/2026,3,5881,588,1
18/02/2026,4,1900,190,0
18/02/2026,5,4701,470,1
18/02/2026,6,3373,337,3
18/02/2026,7,5791,579,1
18/02/2026,8,2383,238,3
19/02/2026,1,4600,460,0
19/02/2026,2,8008,800,8
19/02/2026,3,3788,378,8
19/02/2026,4,1607,160,7
19/02/2026,5,2406,240,6
19/02/2026,6,8907,890,7
19/02/2026,7,2350,235,0
19/02/2026,8,7782,778,2
20/02/2026,1,4565,456,5
20/02/2026,2,1371,137,1
20/02/2026,3,2237,223,7
20/02/2026,4,4600,460,0
20/02/2026,5,2798,279,8
20/02/2026,6,5791,579,1
20/02/2026,7,1258,125,8
20/02/2026,8,1348,134,8
21/02/2026,1,1696,169,6
21/02/2026,2,4789,478,9
21/02/2026,3,5791,579,1
21/02/2026,4,1281,128,1
21/02/2026,5,3452,345,2
21/02/2026,6,7883,788,3
21/02/2026,7,4677,467,7
21/02/2026,8,3665,366,5
22/02/2026,1,3575,357,5
22/02/2026,2,4699,469,9
22/02/2026,3,5780,578,0
22/02/2026,4,1348,134,8
23/02/2026,1,1461,146,1
23/02/2026,2,7805,780,5
23/02/2026,3,4992,499,2
23/02/2026,4,5702,570,2
23/02/2026,5,3407,340,7
23/02/2026,6,1797,179,7
23/02/2026,7,6792,679,2
23/02/2026,8,3508,350,8
24/02/2026,1,3687,368,7
24/02/2026,2,4677,467,7
24/02/2026,3,2372,237,2
24/02/2026,4,3564,356,4
24/02/2026,5,4903,490,3
24/02/2026,6,1607,160,7
24/02/2026,7,1292,129,2
24/02/2026,8,5577,557,7
25/02/2026,1,2901,290,1
25/02/2026,2,3687,368,7
25/02/2026,3,6602,660,2
25/02/2026,4,3407,340,7
25/02/2026,5,1269,126,9
25/02/2026,6,4475,447,5
25/02/2026,7,4699,469,9
25/02/2026,8,3597,359,7
26/02/2026,1,2585,258,5
26/02/2026,2,3586,358,6
26/02/2026,3,4992,499,2
26/02/2026,4,2383,238,3
26/02/2026,5,3597,359,7
26/02/2026,6,5892,589,2
26/02/2026,7,4576,457,6
26/02/2026,8,1786,178,6
27/02/2026,1,1258,125,8
27/02/2026,2,1450,145,0
27/02/2026,3,5892,589,2
27/02/2026,4,3609,360,9
27/02/2026,5,3801,380,1
27/02/2026,6,1674,167,4
27/02/2026,7,3698,369,8
27/02/2026,8,9009,900,9
28/02/2026,1,2473,247,3
28/02/2026,2,5702,570,2
28/02/2026,3,4408,440,8
28/02/2026,4,2675,267,5
28/02/2026,5,1786,178,6
28/02/2026,6,6680,668,0
28/02/2026,7,1247,124,7
28/02/2026,8,1607,160,7
01/03/2026,1,1685,168,5
01/03/2026,2,2990,299,0
01/03/2026,3,1607,160,7
01/03/2026,4,2349,234,9
02/03/2026,1,2697,269,7
02/03/2026,2,4699,469,9
02/03/2026,3,1225,122,5
02/03/2026,4,1281,128,1
02/03/2026,5,6703,670,3
02/03/2026,6,3508,350,8
02/03/2026,7,1247,124,7
02/03/2026,8,6770,677,0
05/03/2026,1,3306,330,6
05/03/2026,2,1281,128,1
05/03/2026,3,2451,245,1
05/03/2026,4,2585,258,5
05/03/2026,5,4880,488,0
05/03/2026,6,1494,149,4
05/03/2026,7,4802,480,2
05/03/2026,8,1573,157,3
06/03/2026,1,4903,490,3
06/03/2026,2,6804,680,4
06/03/2026,3,5566,556,6
06/03/2026,4,1506,150,6
06/03/2026,5,7805,780,5
06/03/2026,6,2338,233,8
06/03/2026,7,2585,258,5
06/03/2026,8,4891,489,1
07/03/2026,1,5791,579,1
07/03/2026,2,2394,239,4
07/03/2026,3,1573,157,3
07/03/2026,4,3889,388,9
07/03/2026,5,6792,679,2
07/03/2026,6,2451,245,1
07/03/2026,7,3687,368,7
07/03/2026,8,1258,125,8
08/03/2026,1,2899,289,9
08/03/2026,2,3698,369,8
08/03/2026,3,2686,268,6
08/03/2026,4,3788,378,8
09/03/2026,1,4802,480,2
09/03/2026,2,2574,257,4
09/03/2026,3,5881,588,1
09/03/2026,4,4600,460,0
09/03/2026,5,4789,478,9
09/03/2026,6,1360,136,0
09/03/2026,7,3306,330,6
09/03/2026,8,3564,356,4
10/03/2026,1,2686,268,6
10/03/2026,2,2697,269,7
10/03/2026,3,1461,146,1
10/03/2026,4,5500,550,0
10/03/2026,5,1809,180,9
10/03/2026,6,4992,499,2
10/03/2026,7,4903,490,3
10/03/2026,8,3463,346,3
11/03/2026,1,4891,489,1
11/03/2026,2,1696,169,6
11/03/2026,3,3553,355,3
11/03/2026,4,4802,480,2
11/03/2026,5,3902,390,2
11/03/2026,6,5667,566,7
11/03/2026,7,1461,146,1
11/03/2026,8,2271,227,1
12/03/2026,1,6679,667,9
12/03/2026,2,5780,578,0
12/03/2026,3,3698,369,8
12/03/2026,4,4565,456,5
12/03/2026,5,5904,590,4
12/03/2026,6,1382,138,2
12/03/2026,7,2800,280,0
12/03/2026,8,3777,377,7
13/03/2026,1,3407,340,7
13/03/2026,2,1562,156,2
13/03/2026,3,7906,790,6
13/03/2026,4,2800,280,0
13/03/2026,5,1674,167,4
13/03/2026,6,1450,145,0
13/03/2026,7,5904,590,4
13/03/2026,8,3508,350,8
14/03/2026,1,3902,390,2
14/03/2026,2,4699,469,9
14/03/2026,3,1573,157,3
14/03/2026,4,2563,256,3
14/03/2026,5,9908,990,8
14/03/2026,6,1786,178,6
14/03/2026,7,5904,590,4
14/03/2026,8,4666,466,6
15/03/2026,1,2383,238,3
15/03/2026,2,7906,790,6
15/03/2026,3,6905,690,5
15/03/2026,4,5892,589,2
16/03/2026,1,3340,334,0
16/03/2026,2,1506,150,6
16/03/2026,3,1472,147,2
16/03/2026,4,3452,345,2
16/03/2026,5,2271,227,1
16/03/2026,6,1573,157,3
16/03/2026,7,2574,257,4
16/03/2026,8,1360,136,0
17/03/2026,1,2596,259,6
17/03/2026,2,5601,560,1
17/03/2026,3,4992,499,2
17/03/2026,4,1472,147,2
17/03/2026,5,3474,347,4
17/03/2026,6,6804,680,4
17/03/2026,7,5892,589,2
17/03/2026,8,1269,126,9
18/03/2026,1,4576,457,6
18/03/2026,2,2798,279,8
18/03/2026,3,4699,469,9
18/03/2026,4,5601,560,1
18/03/2026,5,2563,256,3
18/03/2026,6,1258,125,8
18/03/2026,7,1494,149,4
18/03/2026,8,2675,267,5
19/03/2026,1,1898,189,8
19/03/2026,2,2462,246,2
19/03/2026,3,1270,127,0
19/03/2026,4,7883,788,3
19/03/2026,5,2372,237,2
19/03/2026,6,5599,559,9
19/03/2026,7,3463,346,3
19/03/2026,8,5588,558,8
20/03/2026,1,1461,146,1
20/03/2026,2,1269,126,9
20/03/2026,3,5500,550,0
20/03/2026,4,2361,236,1
20/03/2026,5,2596,259,6
20/03/2026,6,7906,790,6
20/03/2026,7,4699,469,9
20/03/2026,8,1348,134,8
22/03/2026,1,2394,239,4
22/03/2026,2,1696,169,6
22/03/2026,3,4903,490,3
22/03/2026,4,1483,148,3
23/03/2026,1,2473,247,3
23/03/2026,2,4587,458,7
23/03/2026,3,7704,770,4
23/03/2026,4,1786,178,6
23/03/2026,5,1898,189,8
23/03/2026,6,6006,600,6
23/03/2026,7,4598,459,8
23/03/2026,8,1900,190,0
24/03/2026,1,5892,589,2
24/03/2026,2,2451,245,1
24/03/2026,3,5689,568,9
24/03/2026,4,1685,168,5
24/03/2026,5,4004,400,4
24/03/2026,6,5780,578,0
24/03/2026,7,1797,179,7
24/03/2026,8,2495,249,5
25/03/2026,1,2383,238,3
25/03/2026,2,1786,178,6
25/03/2026,3,6770,677,0
25/03/2026,4,1685,168,5
25/03/2026,5,6893,689,3
25/03/2026,6,3564,356,4
25/03/2026,7,4600,460,0
25/03/2026,8,2204,220,4
26/03/2026,1,1359,135,9
26/03/2026,2,4587,458,7
26/03/2026,3,1494,149,4
26/03/2026,4,3362,336,2
26/03/2026,5,7906,790,6
26/03/2026,6,3799,379,9
26/03/2026,7,3586,358,6
26/03/2026,8,5780,578,0
27/03/2026,1,4509,450,9
27/03/2026,2,5702,570,2
27/03/2026,3,2686,268,6
27/03/2026,4,1348,134,8
27/03/2026,5,4598,459,8
27/03/2026,6,6994,699,4
27/03/2026,7,2361,236,1
27/03/2026,8,1506,150,6
28/03/2026,1,1258,125,8
28/03/2026,2,3452,345,2
28/03/2026,3,8996,899,6
28/03/2026,4,2596,259,6
28/03/2026,5,7704,770,4
28/03/2026,6,1809,180,9
28/03/2026,7,2899,289,9
28/03/2026,8,4509,450,9
29/03/2026,1,1674,167,4
29/03/2026,2,6882,688,2
29/03/2026,3,1483,148,3
29/03/2026,4,4600,460,0
30/03/2026,1,2507,250,7
30/03/2026,2,1898,189,8
30/03/2026,3,5555,555,5
30/03/2026,4,1382,138,2
30/03/2026,5,2473,247,3
30/03/2026,6,4802,480,2
30/03/2026,7,4565,456,5
30/03/2026,8,3362,336,2
31/03/2026,1,1236,123,6
31/03/2026,2,8907,890,7
31/03/2026,3,2697,269,7
31/03/2026,4,5599,559,9
31/03/2026,5,1258,125,8
31/03/2026,6,5690,569,0
31/03/2026,7,6804,680,4
31/03/2026,8,1203,120,3
01/04/2026,1,4554,455,4
01/04/2026,2,6905,690,5
01/04/2026,3,5690,569,0
01/04/2026,4,1382,138,2
01/04/2026,5,1405,140,5
01/04/2026,6,3777,377,7
01/04/2026,7,7906,790,6
01/04/2026,8,3609,360,9
02/04/2026,1,1359,135,9
02/04/2026,2,5005,500,5
02/04/2026,3,1696,169,6
02/04/2026,4,4453,445,3
02/04/2026,5,2686,268,6
02/04/2026,6,2462,246,2
02/04/2026,7,3306,330,6
02/04/2026,8,6893,689,3
03/04/2026,1,1573,157,3
03/04/2026,2,4891,489,1
03/04/2026,3,2888,288,8
03/04/2026,4,2462,246,2
03/04/2026,5,4587,458,7
03/04/2026,6,5689,568,9
03/04/2026,7,3597,359,7
03/04/2026,8,1685,168,5
04/04/2026,1,3564,356,4
04/04/2026,2,6691,669,1
04/04/2026,3,2383,238,3
04/04/2026,4,1269,126,9
04/04/2026,5,2800,280,0
04/04/2026,6,5678,567,8
04/04/2026,7,4565,456,5
04/04/2026,8,5689,568,9
05/04/2026,1,6893,689,3
05/04/2026,2,1269,126,9
05/04/2026,3,1494,149,4
05/04/2026,4,3474,347,4
06/04/2026,1,1708,170,8
06/04/2026,2,2507,250,7
06/04/2026,3,3597,359,7
06/04/2026,4,6804,680,4
06/04/2026,5,7883,788,3
06/04/2026,6,1573,157,3
06/04/2026,7,1382,138,2
06/04/2026,8,2305,230,5
07/04/2026,1,4565,456,5
07/04/2026,2,2901,290,1
07/04/2026,3,1506,150,6
07/04/2026,4,2451,245,1
07/04/2026,5,4699,469,9
07/04/2026,6,3485,348,5
07/04/2026,7,7782,778,2
07/04/2026,8,1382,138,2
08/04/2026,1,2709,270,9
08/04/2026,2,2394,239,4
08/04/2026,3,1472,147,2
08/04/2026,4,1405,140,5
08/04/2026,5,4891,489,1
08/04/2026,6,6703,670,3
08/04/2026,7,5599,559,9
08/04/2026,8,1797,179,7
09/04/2026,1,2585,258,5
09/04/2026,2,1898,189,8
09/04/2026,3,5904,590,4
09/04/2026,4,8996,899,6
09/04/2026,5,3676,367,6
09/04/2026,6,4688,468,8
09/04/2026,7,4891,489,1
09/04/2026,8,2608,260,8
10/04/2026,1,9009,900,9
10/04/2026,2,3564,356,4
10/04/2026,3,1551,155,1
10/04/2026,4,1247,124,7
10/04/2026,5,3575,357,5
10/04/2026,6,1494,149,4
10/04/2026,7,4475,447,5
10/04/2026,8,2585,258,5
11/04/2026,1,4509,450,9
11/04/2026,2,1674,167,4
11/04/2026,3,2305,230,5
11/04/2026,4,5881,588,1
11/04/2026,5,7906,790,6
11/04/2026,6,2372,237,2
11/04/2026,7,1809,180,9
11/04/2026,8,3575,357,5
12/04/2026,1,2787,278,7
12/04/2026,2,2394,239,4
12/04/2026,3,1450,145,0
12/04/2026,4,5667,566,7
12/04/2026,5,--,,
12/04/2026,6,--,,
12/04/2026,7,--,,
12/04/2026,8,--,,
13/04/2026,1,2697,269,7
13/04/2026,2,6792,679,2
13/04/2026,3,5689,568,9
13/04/2026,4,1573,157,3
13/04/2026,5,9908,990,8
13/04/2026,6,3902,390,2
13/04/2026,7,4992,499,2
13/04/2026,8,1584,158,4
14/04/2026,1,1304,130,4
14/04/2026,2,1393,139,3
14/04/2026,3,5690,569,0
14/04/2026,4,5690,569,0
14/04/2026,5,2563,256,3
14/04/2026,6,4587,458,7
14/04/2026,7,1180,118,0
14/04/2026,8,3609,360,9
15/04/2026,1,7906,790,6
15/04/2026,2,4486,448,6
15/04/2026,3,3441,344,1
15/04/2026,4,1191,119,1
15/04/2026,5,3586,358,6
15/04/2026,6,2406,240,6
15/04/2026,7,6770,677,0
15/04/2026,8,5803,580,3
16/04/2026,1,4576,457,6
16/04/2026,2,3698,369,8
16/04/2026,3,1269,126,9
16/04/2026,4,1270,127,0
16/04/2026,5,6804,680,4
16/04/2026,6,7906,790,6
16/04/2026,7,2585,258,5
16/04/2026,8,4789,478,9
17/04/2026,1,1449,144,9
17/04/2026,2,3597,359,7
17/04/2026,3,2495,249,5
17/04/2026,4,1506,150,6
17/04/2026,5,2798,279,8
17/04/2026,6,3496,349,6
17/04/2026,7,4789,478,9
17/04/2026,8,4587,458,7
18/04/2026,1,3564,356,4
18/04/2026,2,2507,250,7
18/04/2026,3,5803,580,3
18/04/2026,4,4486,448,6
18/04/2026,5,8907,890,7
18/04/2026,6,1674,167,4
18/04/2026,7,2800,280,0
18/04/2026,8,6679,667,9
19/04/2026,1,5780,578,0
19/04/2026,2,4802,480,2
19/04/2026,3,3676,367,6
19/04/2026,4,1337,133,7
19/04/2026,5,--,,
19/04/2026,6,--,,
19/04/2026,7,--,,
19/04/2026,8,--,,
20/04/2026,1,5780,578,0
20/04/2026,2,4802,480,2
20/04/2026,3,5500,550,0
20/04/2026,4,2686,268,6
20/04/2026,5,GameOff,,
20/04/2026,6,GameOff,,
20/04/2026,7,GameOff,,
20/04/2026,8,GameOff,,
21/04/2026,1,GameOff,,
21/04/2026,2,GameOff,,
21/04/2026,3,GameOff,,
21/04/2026,4,GameOff,,
21/04/2026,5,GameOff,,
21/04/2026,6,GameOff,,
21/04/2026,7,GameOff,,
21/04/2026,8,GameOff,,
